-- phpMyAdmin SQL Dump
-- version 4.8.2
-- https://www.phpmyadmin.net/
--
-- Servidor: 127.0.0.1
-- Tiempo de generación: 13-12-2018 a las 12:06:03
-- Versión del servidor: 10.1.34-MariaDB
-- Versión de PHP: 7.2.7

SET SQL_MODE = "NO_AUTO_VALUE_ON_ZERO";
SET AUTOCOMMIT = 0;
START TRANSACTION;
SET time_zone = "+00:00";


/*!40101 SET @OLD_CHARACTER_SET_CLIENT=@@CHARACTER_SET_CLIENT */;
/*!40101 SET @OLD_CHARACTER_SET_RESULTS=@@CHARACTER_SET_RESULTS */;
/*!40101 SET @OLD_COLLATION_CONNECTION=@@COLLATION_CONNECTION */;
/*!40101 SET NAMES utf8mb4 */;

--
-- Base de datos: `turina`
--

-- --------------------------------------------------------

--
-- Estructura de tabla para la tabla `admin`
--

CREATE TABLE `admin` (
  `id` int(11) NOT NULL,
  `email` varchar(255) COLLATE utf8mb4_spanish_ci NOT NULL,
  `password` varchar(255) COLLATE utf8mb4_spanish_ci NOT NULL
) ENGINE=InnoDB DEFAULT CHARSET=utf8mb4 COLLATE=utf8mb4_spanish_ci;

--
-- Volcado de datos para la tabla `admin`
--

INSERT INTO `admin` (`id`, `email`, `password`) VALUES
(1, 'facundo@estudiorochayasoc.com.ar', 'faAr2010');

-- --------------------------------------------------------

--
-- Estructura de tabla para la tabla `banners`
--

CREATE TABLE `banners` (
  `id` int(11) NOT NULL,
  `cod` varchar(255) COLLATE utf8mb4_spanish_ci NOT NULL,
  `nombre` varchar(255) COLLATE utf8mb4_spanish_ci NOT NULL,
  `categoria` varchar(255) COLLATE utf8mb4_spanish_ci NOT NULL,
  `vistas` int(11) NOT NULL DEFAULT '0',
  `link` varchar(255) COLLATE utf8mb4_spanish_ci NOT NULL
) ENGINE=InnoDB DEFAULT CHARSET=utf8mb4 COLLATE=utf8mb4_spanish_ci;

--
-- Volcado de datos para la tabla `banners`
--

INSERT INTO `banners` (`id`, `cod`, `nombre`, `categoria`, `vistas`, `link`) VALUES
(30, '85727cc11c', '1', '\r\n62aa2ed857', 2480, '1'),
(31, 'e1ac45a48c', '2', 'c6ee632835', 919, '2'),
(32, '91cbaac126', '3', 'c6ee632835', 920, '3'),
(33, 'ebc9a42abc', '4', 'c6ee632835', 908, '4'),
(34, '4cba079bda', '5', 'f62e185588', 449, '5'),
(35, 'a4cf823a64', '6', 'f62e185588', 448, '6'),
(36, '249ab023c3', '7', 'f62e185588', 445, '7'),
(37, '4bf25da4ff', '8', 'f62e185588', 448, '8');

-- --------------------------------------------------------

--
-- Estructura de tabla para la tabla `categorias`
--

CREATE TABLE `categorias` (
  `id` int(11) NOT NULL,
  `cod` varchar(255) COLLATE utf8mb4_spanish_ci NOT NULL,
  `titulo` varchar(255) COLLATE utf8mb4_spanish_ci NOT NULL,
  `area` varchar(255) COLLATE utf8mb4_spanish_ci NOT NULL
) ENGINE=InnoDB DEFAULT CHARSET=utf8mb4 COLLATE=utf8mb4_spanish_ci;

--
-- Volcado de datos para la tabla `categorias`
--

INSERT INTO `categorias` (`id`, `cod`, `titulo`, `area`) VALUES
(1, '5e87013e5d', 'Lotes', 'productos'),
(2, '694999d7d4', 'Actualidad', 'novedades');

-- --------------------------------------------------------

--
-- Estructura de tabla para la tabla `contenidos`
--

CREATE TABLE `contenidos` (
  `id` int(11) NOT NULL,
  `contenido` longtext COLLATE utf8mb4_spanish_ci,
  `cod` varchar(255) COLLATE utf8mb4_spanish_ci NOT NULL
) ENGINE=InnoDB DEFAULT CHARSET=utf8mb4 COLLATE=utf8mb4_spanish_ci;

--
-- Volcado de datos para la tabla `contenidos`
--

INSERT INTO `contenidos` (`id`, `contenido`, `cod`) VALUES
(6, '<p>&iexcl;Muchas gracias!<br />\r\n<strong>Agromade</strong><br />\r\n356 469-6748 &nbsp;<br />\r\nLun - Viernes: 9:00 - 18:00 &nbsp;<br />\r\nventas@agro-made.com.ar</p>\r\n', 'PIE CORREOS'),
(7, '<h2 style=\"text-align:center\"><span style=\"color:#27ae60; font-family:Tahoma,Geneva,sans-serif\"><span style=\"font-size:36px\"><strong>PAGANOS EN<br />\r\n12 CUOTAS</strong></span><br />\r\n<span style=\"font-size:22px\"><strong>CON MERCADOPAGO</strong></span></span></h2>\r\n', 'alerta sesion'),
(9, '<p><strong>Turina</strong> is the best theme for elit, sed do eiusmod tempor dolor sit amet, conse ctetur adipiscing elit, sed do eiusmod tempor incididunt ut labore et lorna aliquatd minim veniam, quis nostrud exercitation oris nisi ut aliquip ex ea commodo consequat. Duis aute irure dolo.</p>\r\n\r\n<p>Lorem is a dummy text do eiusmod tempor dolor sit amet, onsectetur adip iscing elit, sed do eiusmod tempor incididunt ut labore et lorna aliqua Ut enim onsectetur</p>\r\n\r\n<p>Lorem is a dummy text do eiusmod tempor dolor sit amet, onsectetur adip iscing elit, sed do eiusmod tempor incididunt ut labore et lorna aliqua Ut enim onsectetur</p>\r\n', 'Nosotros');

-- --------------------------------------------------------

--
-- Estructura de tabla para la tabla `galerias`
--

CREATE TABLE `galerias` (
  `id` int(11) NOT NULL,
  `cod` varchar(255) COLLATE utf8mb4_spanish_ci DEFAULT NULL,
  `titulo` text COLLATE utf8mb4_spanish_ci,
  `desarrollo` text COLLATE utf8mb4_spanish_ci,
  `categoria` text COLLATE utf8mb4_spanish_ci,
  `keywords` text COLLATE utf8mb4_spanish_ci,
  `description` text COLLATE utf8mb4_spanish_ci,
  `fecha` date DEFAULT NULL
) ENGINE=InnoDB DEFAULT CHARSET=utf8mb4 COLLATE=utf8mb4_spanish_ci;

--
-- Volcado de datos para la tabla `galerias`
--

INSERT INTO `galerias` (`id`, `cod`, `titulo`, `desarrollo`, `categoria`, `keywords`, `description`, `fecha`) VALUES
(1, 'ff97738a81', 'Nova', '', 'e8d2454eca', '', '', '0000-00-00');

-- --------------------------------------------------------

--
-- Estructura de tabla para la tabla `imagenes`
--

CREATE TABLE `imagenes` (
  `id` int(11) NOT NULL,
  `ruta` varchar(255) COLLATE utf8mb4_spanish_ci NOT NULL,
  `cod` varchar(255) COLLATE utf8mb4_spanish_ci NOT NULL
) ENGINE=InnoDB DEFAULT CHARSET=utf8mb4 COLLATE=utf8mb4_spanish_ci;

--
-- Volcado de datos para la tabla `imagenes`
--

INSERT INTO `imagenes` (`id`, `ruta`, `cod`) VALUES
(2, 'assets/archivos/recortadas/a_7a69dcc642.jpg', '95c8fa9dce'),
(4, 'assets/archivos/recortadas/a_46d645f245.jpg', '5d7d1aed02'),
(6, 'assets/archivos/banner/8b7b13269e.jpg', '85727cc11c'),
(7, 'assets/archivos/banner/0ae1c18314.jpg', 'e1ac45a48c'),
(8, 'assets/archivos/banner/a6c8e012ff.jpg', '91cbaac126'),
(9, 'assets/archivos/banner/e0a316e87a.jpg', 'ebc9a42abc'),
(10, 'assets/archivos/banner/f8c4a7333c.jpg', '4cba079bda'),
(11, 'assets/archivos/banner/9d37bf572a.jpg', 'a4cf823a64'),
(12, 'assets/archivos/banner/5ba14c523f.jpg', '249ab023c3'),
(13, 'assets/archivos/banner/6fabe3357e.jpg', '4bf25da4ff'),
(18, 'assets/archivos/recortadas/a_ae742e61f3.jpg', '9eeff70305'),
(19, 'assets/archivos/recortadas/a_2430c201e0.jpg', '15fe554b8c'),
(21, 'assets/archivos/recortadas/a_0161c13634.jpg', '59127c3054'),
(24, 'assets/archivos/recortadas/a_b9ea43275c.jpg', '381864777b'),
(29, 'assets/archivos/recortadas/a_55d1f104a5.jpg', 'ea87385ab0'),
(30, 'assets/archivos/recortadas/a_4630b87cea.jpg', '7aa33b3db0'),
(31, 'assets/archivos/recortadas/a_9c7810a6d2.jpg', 'a1e8eaa23c'),
(32, 'assets/archivos/recortadas/a_a170192678.png', 'df0a773ebd'),
(33, 'assets/archivos/recortadas/a_0c9e6ac89a.jpg', 'df0a773ebd'),
(34, 'assets/archivos/recortadas/a_fe23041daa.png', 'df0a773ebd'),
(35, 'assets/archivos/recortadas/a_2db804d2fb.png', 'df0a773ebd'),
(36, 'assets/archivos/recortadas/a_0888054cca.png', 'df0a773ebd'),
(37, 'assets/archivos/recortadas/a_9ed19bcba7.png', 'df0a773ebd'),
(38, 'assets/archivos/recortadas/a_ed4d2b5275.png', '31b2caddcd'),
(39, 'assets/archivos/recortadas/a_786d17178b.png', 'a9344bfff2'),
(40, 'assets/archivos/recortadas/a_5bdb90651c.png', 'a9344bfff2'),
(41, 'assets/archivos/recortadas/a_fdd393a70a.png', '048040f93a'),
(42, 'assets/archivos/recortadas/a_02c43c41aa.jpg', '048040f93a'),
(43, 'assets/archivos/recortadas/a_f86ec4ae6e.png', '048040f93a'),
(44, 'assets/archivos/recortadas/a_74e7aeec74.png', '048040f93a'),
(45, 'assets/archivos/recortadas/a_547e77db02.png', '048040f93a'),
(46, 'assets/archivos/recortadas/a_890fbf983c.png', '048040f93a'),
(47, 'assets/archivos/recortadas/a_00b2a6e238.png', '048040f93a'),
(48, 'assets/archivos/recortadas/a_780f98b91b.png', 'ff97738a81'),
(51, 'assets/archivos/recortadas/a_518aa223cf.jpg', 'ca3a7828a2'),
(55, 'assets/archivos/recortadas/a_4213d27b34.jpg', 'd333aeee6c'),
(56, 'assets/archivos/recortadas/a_1036695b7c.jpg', 'a79ff191cf'),
(57, 'assets/archivos/recortadas/a_674156d911.jpg', '6f213bde70'),
(58, 'assets/archivos/recortadas/a_60f4bd61d9.jpg', '2a6e8f2d5d'),
(59, 'assets/archivos/recortadas/a_16441132f1.jpg', 'ff416dfff7'),
(63, 'assets/archivos/recortadas/a_f6177cf0e9.jpg', '6796c90030'),
(64, 'assets/archivos/recortadas/a_50d8209bf9.jpg', '64893f762d'),
(65, 'assets/archivos/recortadas/a_76d75eaf0a.jpg', 'f30c3aceaa'),
(66, 'assets/archivos/recortadas/a_9e33458309.JPG', '05a42f1cd1'),
(67, 'assets/archivos/recortadas/a_5ac98bcc33.jpg', '8c6a11f739'),
(68, 'assets/archivos/recortadas/a_213a861a57.jpg', '2a6e8f2d5d');

-- --------------------------------------------------------

--
-- Estructura de tabla para la tabla `linea`
--

CREATE TABLE `linea` (
  `id` int(20) NOT NULL,
  `codigo` int(20) DEFAULT NULL,
  `descripcion` varchar(255) COLLATE utf8mb4_spanish_ci DEFAULT NULL
) ENGINE=InnoDB DEFAULT CHARSET=utf8mb4 COLLATE=utf8mb4_spanish_ci;

--
-- Volcado de datos para la tabla `linea`
--

INSERT INTO `linea` (`id`, `codigo`, `descripcion`) VALUES
(1, 1, 'ESCALERAS SIN FIN'),
(2, 2, '?A?U'),
(3, 3, 'FERRAMIX DISTRIBUCIONES SRL'),
(4, 4, 'LA HACENDOSA'),
(5, 5, 'MOLDURAS ARQUICLASS'),
(6, 6, 'DOBLE A'),
(7, 7, 'ESTABLECIMIENTO SANTA JUANA'),
(8, 8, 'AEROSOLES RENNER'),
(9, 9, 'VITECSO'),
(10, 10, 'PUNTO VERDE Y DUXOL'),
(11, 11, 'ADIABATIC'),
(12, 12, 'PULVERIZADORES  AEFAC'),
(13, 13, 'ZEOCAR'),
(14, 14, 'ARGENTALIA'),
(15, 15, 'PETRILAC'),
(16, 16, 'ZINSSER - RUST OLEUM'),
(17, 17, 'VENIER'),
(18, 18, 'SUPRABOND - BULIT'),
(19, 19, 'POXIPOL'),
(20, 20, 'LUMAR'),
(21, 21, 'FILPINT'),
(22, 22, 'AEROSOLES 05'),
(23, 23, 'TORNADO'),
(24, 24, 'ESPATULAS CELTA'),
(25, 25, 'ESPATULAS LABRADOR'),
(26, 26, 'ESCALERAS IMCA'),
(27, 27, 'ESCALERAS EL HORNERO'),
(28, 28, 'VADEX Pinturas  Revestimientos'),
(29, 29, 'EL GALGO'),
(30, 30, 'CANE'),
(31, 31, 'HORPAC- PRODUCTO A PEDIDO'),
(32, 32, 'MOTA'),
(33, 33, 'PRODUCTOS NORTON'),
(34, 34, 'BIO'),
(35, 35, 'MALANO'),
(36, 36, 'FADEPA'),
(37, 37, 'PLAVICON'),
(38, 38, 'MEMBRANAS ORMIFLEX'),
(39, 39, 'FERRETERA GENERAL PAZ'),
(40, 40, 'SKIL'),
(41, 41, 'COLLAGE'),
(42, 42, 'EMAPI'),
(43, 43, 'LISTA DE PRECIOS VARIOS'),
(44, 44, 'MEGAFLEX'),
(45, 45, 'SINTEPLAST AUTOMOTOR'),
(46, 46, 'EL LOBO - Pinc y Rod'),
(47, 47, 'POWER TOOLS-MAQ.Y HERRAMIENTAS'),
(48, 48, 'CENIT-PROD.P/INTERIORES'),
(49, 49, 'TASSOGLASS'),
(50, 50, 'ROSARPIN'),
(51, 51, 'MOLDURAS DE MADERA'),
(52, 52, 'SOLYON'),
(53, 53, 'WAGNER - EQUIPOS PARA PINTAR'),
(54, 54, 'PROPINTOR'),
(55, 55, 'STARPLASTIC - BOTELLAS PET'),
(56, 56, 'EXTRA POWER'),
(57, 57, 'CHAYTO'),
(58, 58, 'DURLOCK'),
(59, 59, 'NORTON'),
(60, 60, 'MAKITA - MAQUINAS Y HERRAM.'),
(61, 61, 'DOWEN PAGGIO'),
(62, 62, 'BOMBA SUMERGIBLE BTA'),
(63, 63, 'BELLAZI'),
(64, 64, 'COPAR'),
(65, 65, 'HUGO RODRIGUEZ'),
(66, 66, 'MONTENEGRO OSVALDO'),
(67, 67, 'TECNO KING'),
(68, 68, 'SINTEMAX'),
(69, 69, 'ELSENER PINTURAS'),
(70, 70, 'TOOL SHOP'),
(71, 71, 'L?SQTOFF'),
(72, 72, 'KITANA'),
(73, 73, 'FARECLA'),
(74, 74, 'SAN AGUSTIN'),
(75, 75, '3M'),
(76, 76, 'SAN MARCO'),
(77, 77, 'TRANS SRL'),
(78, 78, 'FACIL FIX'),
(79, 79, 'SIKA'),
(80, 80, 'KNAUF'),
(81, 81, 'ACUAREL'),
(82, 82, 'POLACRIN'),
(83, 83, 'CASABLANCA'),
(84, 84, 'TIERRAS NUESTRAS'),
(85, 85, 'LUBRITODO'),
(86, 86, 'DIXILINA'),
(87, 87, 'ZONEX'),
(88, 88, 'ROBERLO'),
(89, 89, 'KUWAIT'),
(90, 90, 'PICO ROJO'),
(91, 91, 'SINTEPLAST INDUSTRIA'),
(92, 92, 'ARINCAL'),
(93, 93, 'TOP FLOOR/WALL A PEDIDO'),
(94, 94, 'SINTEPLAST HOGAR Y OBRA'),
(95, 95, 'LA OVEJITA'),
(96, 96, 'ARAPEY SEGURIDAD INDUSTRIAL'),
(97, 97, 'GLADIATOR'),
(98, 98, 'CODIGO LIBRE'),
(99, 99, 'VARIOS'),
(100, 100, 'QUIMTEX'),
(101, 101, 'HANDYMAN'),
(102, 102, 'NOGOPAINT'),
(103, 103, 'AISLAMAX'),
(104, 104, 'PINTURERIAS REX S.A.'),
(105, 105, 'ALIAFOR S.A.'),
(106, 106, 'PROMO 2 X 1'),
(107, 107, 'SISTEMA DE PINTADO'),
(108, 108, 'RIOPINT- A PEDIDO'),
(109, 109, 'PROTEX'),
(110, 110, 'PRESTIGIO'),
(111, 111, 'AISLATER'),
(112, 112, 'MURESCO A PEDIDO'),
(113, 113, 'JUPI'),
(114, 114, 'ECOPEL'),
(115, 115, 'VOSS 2000 A PEDIDO'),
(116, 116, 'DECOMAR MOLDURAS'),
(117, 117, 'NETSO'),
(118, 118, 'INTERSUM'),
(119, 119, 'MURELLA'),
(120, 120, 'IMPEX - ACCESORIOS'),
(121, 121, 'FANACOLA'),
(122, 122, 'OXIDIUM A PEDIDO'),
(123, 123, 'RUCAR'),
(124, 124, 'JARDINES VERTICALES'),
(125, 125, 'WONDERFUL 3D-A PEDIDO'),
(126, 126, 'PISOS VINILICOS');

-- --------------------------------------------------------

--
-- Estructura de tabla para la tabla `novedades`
--

CREATE TABLE `novedades` (
  `id` int(11) NOT NULL,
  `cod` varchar(255) COLLATE utf8mb4_spanish_ci DEFAULT NULL,
  `titulo` text COLLATE utf8mb4_spanish_ci,
  `desarrollo` text COLLATE utf8mb4_spanish_ci,
  `categoria` text COLLATE utf8mb4_spanish_ci,
  `keywords` text COLLATE utf8mb4_spanish_ci,
  `description` text COLLATE utf8mb4_spanish_ci,
  `fecha` date DEFAULT NULL
) ENGINE=InnoDB DEFAULT CHARSET=utf8mb4 COLLATE=utf8mb4_spanish_ci;

--
-- Volcado de datos para la tabla `novedades`
--

INSERT INTO `novedades` (`id`, `cod`, `titulo`, `desarrollo`, `categoria`, `keywords`, `description`, `fecha`) VALUES
(7, '6796c90030', 'Los lotes mantienen en pie el negocio desarrollista', '<p>Sed ut perspiciatis unde omnis iste natus error sit voluptatem accusantium doloremque laudantium, totam rem aperiam, eaque ipsa quae ab illo inventore veritatis et quasi architecto beatae vitae dicta sunt explicabo. Nemo enim ipsam voluptatem quia voluptas sit aspernatur aut odit aut fugit, sed quia consequuntur magni dolores eos qui ratione voluptatem sequi nesciunt. Neque porro quisquam est, qui dolorem ipsum quia dolor sit amet, consectetur, adipisci velit, sed quia non numquam eius modi tempora incidunt ut labore et dolore magnam aliquam quaerat voluptatem. Ut enim ad minima veniam, quis nostrum exercitationem ullam corporis suscipit laboriosam, nisi ut aliquid ex ea commodi consequatur? Quis autem vel eum iure reprehenderit qui in ea voluptate velit esse quam nihil molestiae consequatur, vel illum qui dolorem eum fugiat quo voluptas nulla pariatur</p>\r\n', '694999d7d4', '', '', '2018-12-11'),
(8, '64893f762d', '¿Que hacer con tus ahorros?', '<p>Sed ut perspiciatis unde omnis iste natus error sit voluptatem accusantium doloremque laudantium, totam rem aperiam, eaque ipsa quae ab illo inventore veritatis et quasi architecto beatae vitae dicta sunt explicabo. Nemo enim ipsam voluptatem quia voluptas sit aspernatur aut odit aut fugit, sed quia consequuntur magni dolores eos qui ratione voluptatem sequi nesciunt. Neque porro quisquam est, qui dolorem ipsum quia dolor sit amet, consectetur, adipisci velit, sed quia non numquam eius modi tempora incidunt ut labore et dolore magnam aliquam quaerat voluptatem. Ut enim ad minima veniam, quis nostrum exercitationem ullam corporis suscipit laboriosam, nisi ut aliquid ex ea commodi consequatur? Quis autem vel eum iure reprehenderit qui in ea voluptate velit esse quam nihil molestiae consequatur, vel illum qui dolorem eum fugiat quo voluptas nulla pariatur</p>\r\n', '694999d7d4', '', '', '2018-12-11'),
(9, 'f30c3aceaa', 'Crece la venta de lotes en Córdoba', '<p>Sed ut perspiciatis unde omnis iste natus error sit voluptatem accusantium doloremque laudantium, totam rem aperiam, eaque ipsa quae ab illo inventore veritatis et quasi architecto beatae vitae dicta sunt explicabo. Nemo enim ipsam voluptatem quia voluptas sit aspernatur aut odit aut fugit, sed quia consequuntur magni dolores eos qui ratione voluptatem sequi nesciunt. Neque porro quisquam est, qui dolorem ipsum quia dolor sit amet, consectetur, adipisci velit, sed quia non numquam eius modi tempora incidunt ut labore et dolore magnam aliquam quaerat voluptatem. Ut enim ad minima veniam, quis nostrum exercitationem ullam corporis suscipit laboriosam, nisi ut aliquid ex ea commodi consequatur? Quis autem vel eum iure reprehenderit qui in ea voluptate velit esse quam nihil molestiae consequatur, vel illum qui dolorem eum fugiat quo voluptas nulla pariatur?</p>\r\n', '694999d7d4', '', '', '2018-12-11'),
(10, '05a42f1cd1', '¡Nuevas financiaciones para tu obtener tu lote!', '<p>Sed ut perspiciatis unde omnis iste natus error sit voluptatem accusantium doloremque laudantium, totam rem aperiam, eaque ipsa quae ab illo inventore veritatis et quasi architecto beatae vitae dicta sunt explicabo. Nemo enim ipsam voluptatem quia voluptas sit aspernatur aut odit aut fugit, sed quia consequuntur magni dolores eos qui ratione voluptatem sequi nesciunt. Neque porro quisquam est, qui dolorem ipsum quia dolor sit amet, consectetur, adipisci velit, sed quia non numquam eius modi tempora incidunt ut labore et dolore magnam aliquam quaerat voluptatem. Ut enim ad minima veniam, quis nostrum exercitationem ullam corporis suscipit laboriosam, nisi ut aliquid ex ea commodi consequatur? Quis autem vel eum iure reprehenderit qui in ea voluptate velit esse quam nihil molestiae consequatur, vel illum qui dolorem eum fugiat quo voluptas nulla pariatur?</p>\r\n', '694999d7d4', '', '', '0000-00-00');

-- --------------------------------------------------------

--
-- Estructura de tabla para la tabla `pedidos`
--

CREATE TABLE `pedidos` (
  `id` int(11) NOT NULL,
  `cod` varchar(255) COLLATE utf8mb4_spanish_ci NOT NULL,
  `producto` varchar(255) COLLATE utf8mb4_spanish_ci NOT NULL,
  `cantidad` int(11) NOT NULL DEFAULT '1',
  `precio` float NOT NULL DEFAULT '0',
  `estado` int(11) DEFAULT '0',
  `tipo` int(11) DEFAULT '0',
  `usuario` varchar(255) COLLATE utf8mb4_spanish_ci NOT NULL,
  `detalle` text COLLATE utf8mb4_spanish_ci,
  `fecha` datetime DEFAULT NULL
) ENGINE=InnoDB DEFAULT CHARSET=utf8mb4 COLLATE=utf8mb4_spanish_ci;

--
-- Volcado de datos para la tabla `pedidos`
--

INSERT INTO `pedidos` (`id`, `cod`, `producto`, `cantidad`, `precio`, `estado`, `tipo`, `usuario`, `detalle`, `fecha`) VALUES
(3, '07cedf9928', 'PISO VINILICO COD 012-6 1220X180', 1, 1848, 0, 2, 'b198a2518d', '', '2018-07-12 00:00:00'),
(4, '07cedf9928', 'Retiro en Sucursal Rosario', 1, 0, 0, 2, 'b198a2518d', '', '2018-07-12 00:00:00'),
(7, '00a320a3cf', 'PISO VINILICO COD 012-6 1220X180', 1, 1848, 0, 0, 'b198a2518d', '', '2018-07-12 00:00:00'),
(8, '00a320a3cf', 'PISO VINILICO COD 09-8 936X150', 1, 2100, 0, 0, 'b198a2518d', '', '2018-07-12 00:00:00'),
(361, 'cde6df7e08', 'PISO VINILICO COD 09-8 936X150', 2, 2100, 0, 2, 'b198a2518d', '', '2018-08-12 00:00:00'),
(362, 'cde6df7e08', 'PISO VINILICO COD 003-1 1220X180', 2, 1848, 0, 2, 'b198a2518d', '', '2018-08-12 00:00:00'),
(363, 'cde6df7e08', 'ABRIDOR DE ENVASES CONDOR', 3, 47.06, 0, 2, 'b198a2518d', '', '2018-08-12 00:00:00'),
(364, 'cde6df7e08', 'VINILO ALTO TRANSITO X M2', 3, 698.36, 0, 2, 'b198a2518d', '', '2018-08-12 00:00:00'),
(365, 'cde6df7e08', 'Retiro en Sucursal Rosario', 1, 0, 0, 2, 'b198a2518d', '', '2018-08-12 00:00:00');

-- --------------------------------------------------------

--
-- Estructura de tabla para la tabla `portfolio`
--

CREATE TABLE `portfolio` (
  `id` int(11) NOT NULL,
  `cod` varchar(255) COLLATE utf8mb4_spanish_ci DEFAULT NULL,
  `titulo` text COLLATE utf8mb4_spanish_ci,
  `desarrollo` text COLLATE utf8mb4_spanish_ci,
  `categoria` text COLLATE utf8mb4_spanish_ci,
  `keywords` text COLLATE utf8mb4_spanish_ci,
  `description` text COLLATE utf8mb4_spanish_ci,
  `fecha` date DEFAULT NULL
) ENGINE=InnoDB DEFAULT CHARSET=utf8mb4 COLLATE=utf8mb4_spanish_ci;

-- --------------------------------------------------------

--
-- Estructura de tabla para la tabla `productos`
--

CREATE TABLE `productos` (
  `id` int(11) NOT NULL,
  `cod` varchar(255) COLLATE utf8mb4_spanish_ci DEFAULT NULL,
  `titulo` text COLLATE utf8mb4_spanish_ci,
  `precio` float DEFAULT NULL,
  `precio_mayorista` float DEFAULT NULL,
  `precio_descuento` float DEFAULT NULL,
  `stock` int(11) DEFAULT '0',
  `desarrollo` text COLLATE utf8mb4_spanish_ci,
  `categoria` text COLLATE utf8mb4_spanish_ci,
  `subcategoria` text COLLATE utf8mb4_spanish_ci,
  `keywords` text COLLATE utf8mb4_spanish_ci,
  `description` text COLLATE utf8mb4_spanish_ci,
  `fecha` date DEFAULT NULL,
  `meli` varchar(255) COLLATE utf8mb4_spanish_ci DEFAULT NULL,
  `url` text COLLATE utf8mb4_spanish_ci,
  `cod_producto` varchar(255) COLLATE utf8mb4_spanish_ci DEFAULT NULL,
  `var1` varchar(255) COLLATE utf8mb4_spanish_ci DEFAULT NULL,
  `var2` varchar(255) COLLATE utf8mb4_spanish_ci DEFAULT NULL,
  `var3` varchar(255) COLLATE utf8mb4_spanish_ci DEFAULT NULL,
  `var4` varchar(255) COLLATE utf8mb4_spanish_ci DEFAULT NULL,
  `var5` varchar(255) COLLATE utf8mb4_spanish_ci DEFAULT NULL,
  `var6` varchar(255) COLLATE utf8mb4_spanish_ci DEFAULT NULL,
  `var7` varchar(255) COLLATE utf8mb4_spanish_ci DEFAULT NULL,
  `var8` varchar(255) COLLATE utf8mb4_spanish_ci DEFAULT NULL
) ENGINE=InnoDB DEFAULT CHARSET=utf8mb4 COLLATE=utf8mb4_spanish_ci;

--
-- Volcado de datos para la tabla `productos`
--

INSERT INTO `productos` (`id`, `cod`, `titulo`, `precio`, `precio_mayorista`, `precio_descuento`, `stock`, `desarrollo`, `categoria`, `subcategoria`, `keywords`, `description`, `fecha`, `meli`, `url`, `cod_producto`, `var1`, `var2`, `var3`, `var4`, `var5`, `var6`, `var7`, `var8`) VALUES
(2, '8c6a11f739', 'Lote 1', 600000, 0, 0, 10, '<p>Sed ut perspiciatis unde omnis iste natus error sit voluptatem accusantium doloremque laudantium, totam rem aperiam, eaque ipsa quae ab illo inventore veritatis et quasi architecto beatae vitae dicta sunt explicabo. Nemo enim ipsam voluptatem quia voluptas sit aspernatur aut odit aut fugit, sed quia consequuntur magni dolores eos qui ratione voluptatem sequi nesciunt. Neque porro quisquam est, qui dolorem ipsum quia dolor sit amet, consectetur, adipisci velit, sed quia non numquam eius modi tempora incidunt ut labore et dolore magnam aliquam quaerat voluptatem. Ut enim ad minima veniam, quis nostrum exercitationem ullam corporis suscipit laboriosam, nisi ut aliquid ex ea commodi consequatur? Quis autem vel eum iure reprehenderit qui in ea voluptate velit esse quam nihil molestiae consequatur, vel illum qui dolorem eum fugiat quo voluptas nulla pariatur?</p>\r\n', '5e87013e5d', '', '', '            ', '2018-12-11', '', '', '', '200', '10x20', 'Av. Libertador Esq. Iturraspe', 'La Falda', '', '', '', ''),
(3, 'd333aeee6c', 'Lote 2', 220000, 0, 0, 0, '<p>Sed ut perspiciatis unde omnis iste natus error sit voluptatem accusantium doloremque laudantium, totam rem aperiam, eaque ipsa quae ab illo inventore veritatis et quasi architecto beatae vitae dicta sunt explicabo. Nemo enim ipsam voluptatem quia voluptas sit aspernatur aut odit aut fugit, sed quia consequuntur magni dolores eos qui ratione voluptatem sequi nesciunt. Neque porro quisquam est, qui dolorem ipsum quia dolor sit amet, consectetur, adipisci velit, sed quia non numquam eius modi tempora incidunt ut labore et dolore magnam aliquam quaerat voluptatem. Ut enim ad minima veniam, quis nostrum exercitationem ullam corporis suscipit laboriosam, nisi ut aliquid ex ea commodi consequatur? Quis autem vel eum iure reprehenderit qui in ea voluptate velit esse quam nihil molestiae consequatur, vel illum qui dolorem eum fugiat quo voluptas nulla pariatur?</p>\r\n', '5e87013e5d', '', '', '            ', '2018-12-11', '', '', '', '300', '10x30', 'Av. Libertador Esq. Iturraspe', 'Carlos Paz', '', '', '', ''),
(4, 'a79ff191cf', 'Lote 3', 300000, 0, 0, 0, '<p>Sed ut perspiciatis unde omnis iste natus error sit voluptatem accusantium doloremque laudantium, totam rem aperiam, eaque ipsa quae ab illo inventore veritatis et quasi architecto beatae vitae dicta sunt explicabo. Nemo enim ipsam voluptatem quia voluptas sit aspernatur aut odit aut fugit, sed quia consequuntur magni dolores eos qui ratione voluptatem sequi nesciunt. Neque porro quisquam est, qui dolorem ipsum quia dolor sit amet, consectetur, adipisci velit, sed quia non numquam eius modi tempora incidunt ut labore et dolore magnam aliquam quaerat voluptatem. Ut enim ad minima veniam, quis nostrum exercitationem ullam corporis suscipit laboriosam, nisi ut aliquid ex ea commodi consequatur? Quis autem vel eum iure reprehenderit qui in ea voluptate velit esse quam nihil molestiae consequatur, vel illum qui dolorem eum fugiat quo voluptas nulla pariatur?</p>\r\n', '5e87013e5d', '', '', '            ', '2018-12-11', '', '', '', '400', '10x40', 'Av. Libertador Esq. Iturraspe', 'Valle Hermoso', '', '', '', ''),
(5, '6f213bde70', 'Lote 4', 250000, 0, 0, 0, '<p>Sed ut perspiciatis unde omnis iste natus error sit voluptatem accusantium doloremque laudantium, totam rem aperiam, eaque ipsa quae ab illo inventore veritatis et quasi architecto beatae vitae dicta sunt explicabo. Nemo enim ipsam voluptatem quia voluptas sit aspernatur aut odit aut fugit, sed quia consequuntur magni dolores eos qui ratione voluptatem sequi nesciunt. Neque porro quisquam est, qui dolorem ipsum quia dolor sit amet, consectetur, adipisci velit, sed quia non numquam eius modi tempora incidunt ut labore et dolore magnam aliquam quaerat voluptatem. Ut enim ad minima veniam, quis nostrum exercitationem ullam corporis suscipit laboriosam, nisi ut aliquid ex ea commodi consequatur? Quis autem vel eum iure reprehenderit qui in ea voluptate velit esse quam nihil molestiae consequatur, vel illum qui dolorem eum fugiat quo voluptas nulla pariatur?</p>\r\n', '5e87013e5d', '', '', '            ', '2018-12-11', '', '', '', '200', '10x20', 'Av. Libertador Esq. Iturraspe', 'Carlos Paz', '', '', '', ''),
(6, '2a6e8f2d5d', 'Lote 5', 400000, 0, 0, 0, '<p>Sed ut perspiciatis unde omnis iste natus error sit voluptatem accusantium doloremque laudantium, totam rem aperiam, eaque ipsa quae ab illo inventore veritatis et quasi architecto beatae vitae dicta sunt explicabo. Nemo enim ipsam voluptatem quia voluptas sit aspernatur aut odit aut fugit, sed quia consequuntur magni dolores eos qui ratione voluptatem sequi nesciunt. Neque porro quisquam est, qui dolorem ipsum quia dolor sit amet, consectetur, adipisci velit, sed quia non numquam eius modi tempora incidunt ut labore et dolore magnam aliquam quaerat voluptatem. Ut enim ad minima veniam, quis nostrum exercitationem ullam corporis suscipit laboriosam, nisi ut aliquid ex ea commodi consequatur? Quis autem vel eum iure reprehenderit qui in ea voluptate velit esse quam nihil molestiae consequatur, vel illum qui dolorem eum fugiat quo voluptas nulla pariatur?</p>\r\n', '5e87013e5d', '', '', '            ', '2018-12-11', '', '', '', '200', '10x20', 'Av. Libertador Esq. Iturraspe', 'Mina clavero', '', '', '', ''),
(7, 'ff416dfff7', 'Lote 6', 300000, 0, 0, 0, '<p>Sed ut perspiciatis unde omnis iste natus error sit voluptatem accusantium doloremque laudantium, totam rem aperiam, eaque ipsa quae ab illo inventore veritatis et quasi architecto beatae vitae dicta sunt explicabo. Nemo enim ipsam voluptatem quia voluptas sit aspernatur aut odit aut fugit, sed quia consequuntur magni dolores eos qui ratione voluptatem sequi nesciunt. Neque porro quisquam est, qui dolorem ipsum quia dolor sit amet, consectetur, adipisci velit, sed quia non numquam eius modi tempora incidunt ut labore et dolore magnam aliquam quaerat voluptatem. Ut enim ad minima veniam, quis nostrum exercitationem ullam corporis suscipit laboriosam, nisi ut aliquid ex ea commodi consequatur? Quis autem vel eum iure reprehenderit qui in ea voluptate velit esse quam nihil molestiae consequatur, vel illum qui dolorem eum fugiat quo voluptas nulla pariatur?</p>\r\n', '5e87013e5d', '', '', '            ', '2018-12-11', '', '', '', '300', '10x30', 'Av. Libertador Esq. Iturraspe', 'Huerta Grande', '', '', '', '');

-- --------------------------------------------------------

--
-- Estructura de tabla para la tabla `rubros`
--

CREATE TABLE `rubros` (
  `id` int(11) NOT NULL,
  `linea` int(20) DEFAULT NULL,
  `rubro` int(20) DEFAULT NULL,
  `descripcion` varchar(255) COLLATE utf8mb4_spanish_ci DEFAULT NULL
) ENGINE=InnoDB DEFAULT CHARSET=utf8mb4 COLLATE=utf8mb4_spanish_ci;

--
-- Volcado de datos para la tabla `rubros`
--

INSERT INTO `rubros` (`id`, `linea`, `rubro`, `descripcion`) VALUES
(1, 1, 1, 'ESCALERA METALICA'),
(2, 1, 2, 'ESCALERA PINTOR'),
(3, 1, 3, 'ESCALERA FAMILIAR SIMPLE'),
(4, 1, 4, 'ESCALERA FAMILIAR DOBLE'),
(5, 1, 5, 'BUTACAS'),
(6, 1, 6, 'CABALLETES'),
(7, 1, 7, 'TABLON'),
(8, 1, 8, 'ANDAMIO'),
(9, 1, 9, 'MESA PLEGABLE'),
(10, 1, 10, 'BANCOS REBATIBLES'),
(11, 2, 1, 'PISTOLAS PARA PINTAR'),
(12, 2, 2, 'ADHESIVOS'),
(13, 2, 3, 'MASILLA EPOXI'),
(14, 2, 4, 'CINTA P/REFRIGERACION'),
(15, 2, 5, 'PLOMADA'),
(16, 2, 6, 'DISCO RESPALDO'),
(17, 2, 7, 'PISTOLA ROCIADORA'),
(18, 2, 8, 'DISCO CORTE HIERRO'),
(19, 2, 9, 'LAPIZ CARPINTERO'),
(20, 2, 10, 'SOPLETE P/ MEMBRANA'),
(21, 2, 11, 'DISCO RESPALDO'),
(22, 2, 12, 'CHOCLA'),
(23, 2, 13, 'PROTERA'),
(24, 2, 14, 'TANZA'),
(25, 2, 15, 'DISCO DIAMANTADO'),
(26, 2, 16, 'ARENADOR'),
(27, 2, 17, 'COMPRESOR'),
(28, 3, 1, 'TOPETINAS TRANSPARENTES'),
(29, 3, 2, 'PINCEL LINER TORAY'),
(30, 3, 3, 'PINCELETA FINA CERDA CHIN'),
(31, 3, 4, 'PINCEL ABANICO'),
(32, 3, 5, 'PINCEL ARTISTIC TAP?NADOR'),
(33, 3, 6, 'PINCEL LENGUA DE GATO'),
(34, 3, 7, 'PINCEL ANGULAR'),
(35, 3, 8, 'PINCEL CHATO'),
(36, 3, 9, 'PORTATIL X 10 MTS.'),
(37, 3, 10, 'PINCEL ESPADA'),
(38, 3, 11, 'COBERTOR PLASTICO'),
(39, 3, 12, 'PINCEL PELO DE CERDA S456'),
(40, 3, 13, 'CINTA ENMASCARAR HUNTER'),
(41, 3, 14, 'CINTA PELIGRO'),
(42, 3, 15, 'CAJA HERRAMIENTAS'),
(43, 3, 16, 'REMACHADORA'),
(44, 3, 17, 'PISTOLA'),
(45, 4, 1, 'VIRUTA DUXOL'),
(46, 4, 2, 'LLANA PLASTICA SIMPLE'),
(47, 4, 3, 'TANZA'),
(48, 5, 1, 'MOLD.ARQUIC. 25-105'),
(49, 5, 2, 'MOLD.ARQUIC. 03L-08'),
(50, 5, 3, 'ADHESIVOS PARA MOLDURAS'),
(51, 5, 4, 'ROSETONES'),
(52, 5, 5, 'MOLDURA EXTERIOR ARQUICLA'),
(53, 6, 1, 'ACCESORIOS'),
(54, 6, 2, 'CINTA DUC TAPE'),
(55, 6, 3, 'PASTA DE PULIR LIQUIDA'),
(56, 6, 4, 'LIJA EN ROLLO P/MASILLA'),
(57, 6, 5, 'HOJAS FLEX'),
(58, 6, 7, 'CINTA DE ENMASCARAR'),
(59, 6, 8, 'CINTA DE EMBALAJE'),
(60, 6, 9, 'DISCO NO PAST'),
(61, 6, 10, 'GAZA BARNIZADA'),
(62, 6, 12, 'DISCO LIJA 115'),
(63, 6, 13, 'CINTA ANTIDESLIZANTE'),
(64, 6, 14, 'DISCOS DE CORTE'),
(65, 6, 15, 'MASCARILLA\"DOBLE A\"'),
(66, 6, 16, 'CINTA PARA MOLDURA'),
(67, 6, 17, 'CINTA DANCAN'),
(68, 6, 18, 'CINTA PARA AUTOMOTOR'),
(69, 6, 19, 'LIJAS AL AGUA DOBLE A'),
(70, 6, 20, 'LIJAS RUBI DOBLE A'),
(71, 6, 21, 'LIJAS GOLD 24K DOBLE A'),
(72, 6, 22, 'TELA ESMERIL DOBLE A'),
(73, 6, 23, 'LIJAS EN TROZO DOBLE A'),
(74, 6, 24, 'LIJAS NO PAST DOBLE A'),
(75, 6, 25, 'TELA ESM.EN TROZO DOBLE A'),
(76, 6, 26, 'DISCOS ABRASIVOS DOBLE A'),
(77, 6, 27, 'DISCOS GOLD C/ ABROJO'),
(78, 6, 28, 'ESPONJA LIJADORA DOBLE A'),
(79, 6, 29, 'DISCOS FLAP - DOBLE A'),
(80, 6, 30, 'LIJA EN BANDA'),
(81, 6, 31, 'LIJA EN ROLLO P/MADERA'),
(82, 6, 32, 'DISCO PAPEL'),
(83, 6, 33, 'TELA EN ROLLO'),
(84, 6, 34, 'DISCO DE FIBRA'),
(85, 7, 1, 'ESPATULA PLASTICA'),
(86, 7, 2, 'LLANA METALICA'),
(87, 8, 1, 'AEROSOL RENNER SEC RAP'),
(88, 8, 2, 'BARNIZ LACA EN AEROSOL'),
(89, 8, 3, 'ANTIOXIDO EN AEROSOL'),
(90, 8, 4, 'AEROSOL COLOR METALICO'),
(91, 8, 5, 'AEROSOL AUTO COLOR'),
(92, 8, 6, 'AEROSOL ALTA TEMPERATURA'),
(93, 8, 7, 'AEROSOL FONDO UNIVERSAL'),
(94, 8, 8, 'BARNIZ ACRILICO PROTECTOR'),
(95, 8, 9, 'SUPER REMOVEDOR'),
(96, 8, 10, 'FONDO Y TERMIN.S/MATE'),
(97, 8, 11, 'DILUYENTE + CATALIZADOR'),
(98, 8, 12, 'LACA+CATALIZ+DILUYENTE'),
(99, 8, 13, 'PRIMER 2K RENNER - DUPONT'),
(100, 9, 1, 'PINT.SUBCARROC./BCO.ACUOS'),
(101, 9, 2, 'PINT.SUBCARROC./NEG.ACUOS'),
(102, 9, 3, 'PINT.ALUMINIO ATERMICO'),
(103, 9, 4, 'DOBLE COCIDO ESP.'),
(104, 9, 5, 'PURPURINA COBRE'),
(105, 9, 6, 'PURPURINA PLATA'),
(106, 9, 7, 'PURPURINA ORO'),
(107, 9, 8, 'MAS.ESP.CHICL.GRIS/NEG'),
(108, 9, 9, 'MASILLA PARA VIDRIOS'),
(109, 9, 10, 'BARNIZ'),
(110, 9, 11, 'SODA CAUSTICA'),
(111, 9, 12, 'SAL DE LIMON'),
(112, 9, 13, 'MATEANTE UNIVERSAL'),
(113, 9, 14, 'GOMA LACA'),
(114, 9, 15, 'EXTRACTO DE BANANA'),
(115, 9, 16, 'DESOX.FOFATIZANTE-DECAPAN'),
(116, 9, 17, 'ESMALTE FLUOR COL.VS'),
(117, 9, 18, 'VITELAST ANTICONDENSANTE'),
(118, 9, 19, 'VITELAST SAL DE LIMON'),
(119, 9, 20, 'SELLADOR P/GRIETAS ELAST.'),
(120, 9, 21, 'PASTINA X 750 GRS.'),
(121, 9, 22, 'DILUYENTE PARA LUSTRE'),
(122, 9, 23, 'BETUN DE JUDEA'),
(123, 9, 24, 'LACA'),
(124, 9, 25, 'ESMALTE ORO'),
(125, 9, 26, 'ESMALTE PLATA'),
(126, 9, 27, 'ESMALTE COBRE'),
(127, 9, 28, 'PORCELANA EN FRIO'),
(128, 9, 29, 'ACRILICOS'),
(129, 9, 30, 'TEXTURADO ACUOSO'),
(130, 9, 31, 'BARNIZ VITRAL'),
(131, 9, 32, 'PATINA'),
(132, 9, 33, 'PINTURA PARA TELA'),
(133, 9, 34, 'FERRITE ROJO'),
(134, 9, 35, 'REMOVEDOR GEL'),
(135, 10, 1, 'THINNER EXTRA'),
(136, 10, 2, 'THINNER S.DE ORO'),
(137, 10, 3, 'THINNER PUNTO VERDE(IDM)'),
(138, 10, 4, 'AGUARRAS'),
(139, 10, 5, 'SOLVENTE 1?CALIDAD'),
(140, 10, 6, 'TIZA EN POLVO'),
(141, 10, 7, 'YESO PARIS'),
(142, 10, 8, 'PASTINA BLANCA'),
(143, 10, 9, 'RETARDADOR'),
(144, 10, 10, 'ACIDO MURIATICO'),
(145, 10, 11, 'DILUYENTE P/CAUCHO CLORAD'),
(146, 10, 12, 'DILUYENTE P/CEMENTO'),
(147, 10, 13, 'SILICONA LIQUIDA'),
(148, 10, 14, 'REVINIDOR NEGRO'),
(149, 10, 15, 'RENOVADOR DE CAUCHOS'),
(150, 10, 16, 'CHAMPU PARA AUTOS'),
(151, 10, 17, 'LIMPIAMANOS'),
(152, 10, 19, 'CEPILLO DE ACERO C/MANGO'),
(153, 10, 20, 'CEPILLO DE ACERO S/MANGO'),
(154, 10, 22, 'REJILLA'),
(155, 10, 23, 'FRANELA ESPECIAL TEPE'),
(156, 10, 24, 'DILUYENTE P CAUCHO COL-'),
(157, 10, 25, 'DILUYENTE PARA CEMENTO'),
(158, 10, 26, 'THINNER UNIVERSAL'),
(159, 10, 27, 'DILUYENTE EPOXI'),
(160, 10, 28, 'CEMENTO BLANCO'),
(161, 10, 29, 'CLORO ESPECIAL'),
(162, 10, 30, 'TAMBOR VACIO'),
(163, 10, 32, 'THINER 360'),
(164, 10, 33, 'AGUARRAS MINERAL'),
(165, 10, 34, 'DILUYENTE POLIURETANO'),
(166, 10, 35, 'DILUY.P/ BARNICES Y SINTETICOS'),
(167, 11, 1, 'FILTRO PINTURA'),
(168, 11, 2, 'JUNTA TATA'),
(169, 11, 3, 'CARBONES'),
(170, 11, 4, 'PICOS ADIABATIC'),
(171, 11, 5, 'EQUIPO EC 3000 ADIABATIC'),
(172, 11, 6, 'TURBINA DE ALUMINIO'),
(173, 11, 7, 'LLAVE ENCENDIDO'),
(174, 11, 8, 'EQUIPO EC 2000 ADIABATIC'),
(175, 11, 9, 'AGUJA P/EC2000'),
(176, 11, 10, 'JUNTA TAZA ALUMINIO'),
(177, 11, 11, 'PORTA CARBON'),
(178, 11, 12, 'TUBO DE PEZCA PLASTICO'),
(179, 11, 13, 'TAZA DE PLASTICO'),
(180, 11, 14, 'PISTOLA P/EC 2000 MOD C-2'),
(181, 11, 15, 'REP. PICO ADIABATIC'),
(182, 11, 16, 'TAPA SALIDA P/EC 2000'),
(183, 11, 17, 'DISCO ANTIRRETROCESO'),
(184, 11, 18, 'MANUAL DE INSTRUCCIONES'),
(185, 11, 19, 'BUJE'),
(186, 11, 20, 'TORNILLO'),
(187, 11, 21, 'REPUESTO'),
(188, 12, 29, 'ABRAZADERA'),
(189, 12, 30, 'PULVERIZADORES MOCHILA'),
(190, 12, 31, 'PULVERIZADORES EFAC'),
(191, 12, 32, 'REPUESTOS'),
(192, 12, 33, 'TAPA ROSCA'),
(193, 12, 34, 'ARANDELA C/TETONES'),
(194, 12, 35, 'MANGUERA'),
(195, 12, 36, 'PICO REGULABLE'),
(196, 12, 37, 'RAQUETA ELECTRICA'),
(197, 13, 1, 'MASILL.ZEOC. F.POLIESTER'),
(198, 13, 2, 'PASTA D PULIR FINA/GRUESA'),
(199, 13, 3, 'ZEOPARCH'),
(200, 13, 4, 'RESINA C/ CATALIZADOR'),
(201, 13, 5, 'CATALIZ. P/ MASILLA PLAST'),
(202, 13, 6, 'MASILLA FINISH POLIESTER'),
(203, 13, 7, 'ZEOFLEX'),
(204, 13, 8, 'MASILLA CALAFATEO'),
(205, 13, 9, 'CATALIZ.P/MASILLA FINISH'),
(206, 13, 10, 'DESOXIDANTE'),
(207, 13, 11, 'TEXTURADO'),
(208, 13, 12, 'LUSTRE MANUAL'),
(209, 13, 13, 'ALUMINIO  P/ LLANTAS'),
(210, 13, 14, 'NEGRO SAT-NITRO'),
(211, 13, 15, 'MASILLA STUQUI'),
(212, 13, 16, 'CATALIZ. P/MASILLA STUQUI'),
(213, 14, 1, 'ACEITE DE LINO'),
(214, 14, 2, 'ACIDO MURIATICO'),
(215, 14, 3, 'FUNGUICIDA'),
(216, 14, 4, 'FERRITE AMARILLO'),
(217, 14, 5, 'FERRITE AZUL'),
(218, 14, 6, 'FERRITE ROJO'),
(219, 14, 7, 'FERRITE NEGRO'),
(220, 14, 8, 'FERRITE VERDE'),
(221, 14, 9, 'SODA CAUSTICA'),
(222, 14, 10, 'TECHI CAU ARGENTALIA'),
(223, 14, 11, 'TALCO INDUSTRIAL'),
(224, 14, 12, 'SUBCARROCERIA PROTE-PLAST'),
(225, 14, 13, 'ACEITE DESMOLDANTE'),
(226, 14, 14, 'IMPERMEABILIZ.  ACRILICO'),
(227, 14, 15, 'LIMPIAMANOS ARGENTALIA'),
(228, 14, 16, 'LIMPIAMANOS ARGENT. X 1KG'),
(229, 14, 17, 'DESTAPACA?ERIAS'),
(230, 14, 18, 'SULFATO DE COBRE'),
(231, 14, 19, 'RESALTADOR ACRILICO'),
(232, 14, 20, 'PINTURA ASFALTICA'),
(233, 15, 1, 'F.B.D:CONV.OX.MARTILLADO'),
(234, 15, 2, 'F.B.D:CONV.OX.HIERR/PLAT'),
(235, 15, 3, 'F.B.D.FONDO P/GALV.Y ALUM'),
(236, 15, 4, 'F.B.D:CONVERTIDOR OXIDO'),
(237, 15, 5, 'PROTECTOR 7 VIDAS P/EXT'),
(238, 15, 6, 'DILUY.7 VIDAS P/LACA  7V'),
(239, 15, 7, 'DILUY.MELACRILICO EXT/INT'),
(240, 15, 8, 'LACA MELACR.BRILL.SATIN-'),
(241, 15, 9, 'LACA NITROCELULOSICA'),
(242, 15, 10, 'PLASTICROM'),
(243, 15, 11, 'LUSTRE LAC:RESTAURADOR'),
(244, 15, 12, 'MATEANTE UNIVERSAL'),
(245, 15, 13, 'CAMPBELL BARNIZ EXTERIOR'),
(246, 15, 14, 'F.B.D.CONV.OX-VS COLORES'),
(247, 15, 15, 'PETRISIL'),
(248, 15, 16, 'PETRILAC LADRILLO'),
(249, 15, 17, 'REMOVEDOR GEL'),
(250, 15, 18, 'REMOVEDOR DE CERAS CLINSY'),
(251, 15, 19, 'CLINSY PLASTIF.P/LAJAS'),
(252, 15, 20, 'INSECTICIDA PETRILAC'),
(253, 15, 21, 'PLASTILAC PLASTIFICADOR'),
(254, 15, 22, 'SELLADOR AL AGUA MELACRIL'),
(255, 15, 23, 'LACA POLIURETANICA'),
(256, 15, 24, 'DESOXIDANTE FERROBET'),
(257, 15, 25, 'SELLADOR NITROSELULOSICO'),
(258, 15, 26, 'LACA UREICA PETRILAC'),
(259, 15, 27, 'FERROBET ANTIOXIDO'),
(260, 15, 28, 'DANZKE H2O BTE'),
(261, 15, 29, 'DECK DANZKE P/PISOS'),
(262, 15, 30, 'DANZKE ANTIDESLIZANTE'),
(263, 15, 31, 'TINTAS P/ MADERA PETRILAC'),
(264, 15, 32, 'DANZKE BTE. PETRILAC'),
(265, 15, 33, 'DANZKE SAT. PETRILAC'),
(266, 15, 34, 'FERROBET MART. A PINCEL'),
(267, 15, 35, 'FERROBET PLATA'),
(268, 15, 36, 'FERROBET HIERRO ANTIGUO'),
(269, 15, 38, 'FERROBET DUO NEGRO'),
(270, 15, 40, 'ENDURECEDOR PETRILAC'),
(271, 15, 41, 'DILUYENTE 200 PETRILAC'),
(272, 15, 42, 'ESM. FERROBET DUO GRUPO 1'),
(273, 15, 43, 'ESM. FERROBET DUO GRUPO 2'),
(274, 15, 44, 'ESM. FERROBET DUO SATIN.'),
(275, 15, 45, 'ESM. FERROBET DUO EXPRESS'),
(276, 15, 46, 'DILUYENTE DUO'),
(277, 15, 48, 'DANZKE H2O SATINADO'),
(278, 15, 49, 'BARNIZ SINTETICO'),
(279, 15, 50, 'POLIURETANO BASE ACUOSA'),
(280, 15, 51, 'SELLADOR ACRILICO'),
(281, 15, 52, 'SELLATEC'),
(282, 15, 53, 'POLIURETANO ALK'),
(283, 15, 54, 'DILUYENTE PARA POLIURETANO'),
(284, 15, 55, 'CATALIZ.P/FONDO Y TERM.POLIU'),
(285, 15, 56, 'DANZKE TODO RIESGO SAT'),
(286, 15, 57, 'DANZKE TODO RIESGO BTE'),
(287, 15, 58, 'PENTA INSECTICIDA'),
(288, 15, 59, 'AGUARRAS MINERAL'),
(289, 15, 60, 'FONDO PU ALTO RELLENO'),
(290, 16, 0, 'WATERTITE'),
(291, 16, 1, '123 FIJADOR'),
(292, 16, 2, 'BIN SELLADOR'),
(293, 16, 3, 'ODORLESS FIJADOR'),
(294, 16, 4, 'PERMA WHITE INTERIOR'),
(295, 16, 5, 'PERMA WHITE MATE'),
(296, 16, 6, 'ACEITE COVER STAIN'),
(297, 16, 7, 'IMPRIMADOR CONVERTIDOR'),
(298, 16, 8, 'AEROSOLES PARA PLASTICOS'),
(299, 16, 9, 'AEROSOLES ALTA TEMP.'),
(300, 16, 10, 'AEROSOLES MARTILLADOS'),
(301, 16, 11, 'AEROSOL TEXTURADO'),
(302, 16, 12, 'AEROSOL P/ESMERILADO'),
(303, 16, 13, 'AEROSOL EPOXI'),
(304, 16, 14, 'VARATHANE'),
(305, 16, 15, 'AEROSOLES USO GRAL. SATI.'),
(306, 16, 16, 'AEROSOL P/PIZARRON'),
(307, 16, 17, 'ESM. AGUA P. TOUCH ACRIL.'),
(308, 16, 18, 'CLEAR PAINTERS TOUCH'),
(309, 16, 19, 'PRIMER PAINTERS TOUCH'),
(310, 16, 20, 'ACABADOS METALICOS'),
(311, 16, 21, 'AEROSOLES DE USO GENERAL'),
(312, 16, 22, 'LACAS EN AEROSOL'),
(313, 16, 23, 'AEROSOLES VINILO'),
(314, 16, 24, 'AEROSOLES POLIURETANO'),
(315, 16, 25, 'AEROSOLES FLUORESCENTES'),
(316, 16, 26, 'AEROSOLES METALICOS BTE.'),
(317, 16, 27, 'ADAPTADOR SOPLETE'),
(318, 16, 28, 'AEROSOLES AUTOMOTOR'),
(319, 16, 29, 'LATEX BULLS EYE'),
(320, 16, 30, 'AEROSOLES METALICOS'),
(321, 16, 31, 'AEROSOLES QUICK COLOR'),
(322, 16, 32, 'AEROSOLES ESMALTE PROTEC.'),
(323, 16, 33, 'AEROSOL LUMINICENTE'),
(324, 16, 34, 'AEROSOL P/CHATA CAMIONETA'),
(325, 16, 35, 'AEROSOL REFLECTIVO'),
(326, 16, 36, 'AEROSOL COLOR SHIFT'),
(327, 16, 37, 'AEROSOL SPECLT FROSTED'),
(328, 16, 38, 'ACRILICO PARA PISOS'),
(329, 16, 39, 'EPOXI PARA PISOS'),
(330, 16, 40, 'ACTIVADOR PARA EPOXI'),
(331, 16, 41, 'BASES'),
(332, 16, 42, 'ESMALTE ACRILICO'),
(333, 16, 43, 'ESMALTE ALTA TEMPERATURA'),
(334, 16, 44, 'AEROSOL SELLAGRIETAS'),
(335, 16, 45, 'DRY ERASE'),
(336, 16, 46, 'STOP RUST- ESMALTE ANTICORROSI'),
(337, 16, 47, 'AEROSOL ANODIZADO'),
(338, 16, 48, 'ESMALTE SOLV.'),
(339, 16, 49, 'AEROSOL BRILLANTINA'),
(340, 16, 50, 'AEROSOLES AGRICOLAS'),
(341, 16, 51, 'CHALKED BROCHABLE'),
(342, 16, 52, 'CHALKED AEROSOL'),
(343, 16, 53, 'TUBYTILE BA?ERAS Y AZULEJOS'),
(344, 17, 1, 'IGNIFUGO VENIER/MADERA'),
(345, 17, 2, 'IGNIFUGO VENIER/TEXTIL'),
(346, 17, 3, 'PINTURA P/PILETAS'),
(347, 17, 4, 'DILUYENTE P/PINT.PILETAS'),
(348, 17, 5, 'SIMIL MADERA'),
(349, 17, 6, 'LATEX PREMIUM'),
(350, 17, 7, 'LASUR MADERA'),
(351, 17, 8, 'LATEX PREMIUM SATINADO'),
(352, 17, 9, 'TINTAS COLOR'),
(353, 18, 1, 'SELLACARROCERIAS PERBOND'),
(354, 18, 2, 'SILICONA UNIVERSAL'),
(355, 18, 3, 'PISTOLA ENCOLADORA'),
(356, 18, 4, 'TOPETINAS SUPRABOND'),
(357, 18, 5, 'ZOCALO AUTOADHESIVO'),
(358, 18, 6, 'BURLETE AUTOADHESIVO'),
(359, 18, 7, 'ADHESIVO P/PLASTICOS'),
(360, 18, 8, 'ADHESIVO P/MANUALIDADES'),
(361, 18, 9, 'ESPUMA POLIURETANICA'),
(362, 18, 10, 'MASILLA'),
(363, 18, 11, 'SELLADOR MULTIUSO'),
(364, 18, 12, 'BARRA ADHESIVA'),
(365, 18, 13, 'CEMENTO CONTACTO SUPERPOX'),
(366, 18, 14, 'AMOLADORA ANGULAR'),
(367, 18, 15, 'TALADRO PERCUTOR'),
(368, 18, 16, 'CINTA METRICA'),
(369, 18, 17, 'CUTTER'),
(370, 18, 18, 'DISCO DIAMANTADO'),
(371, 18, 19, 'DISCO P/CORTE DE HIERRO'),
(372, 18, 20, 'LIJADORA ORBITAL'),
(373, 18, 21, 'APLICADOR P/CARTUCHOS'),
(374, 18, 22, 'SELLADOR PERBOND'),
(375, 18, 23, 'CANDADO'),
(376, 18, 24, 'PARSECS'),
(377, 18, 25, 'DISCO P/CORTE MADERA'),
(378, 18, 26, 'SELLADOR CONSTRUCCION'),
(379, 18, 27, 'SELLADORES PARA MOTORES'),
(380, 18, 28, 'SIERRA CIRCULAR'),
(381, 18, 29, 'ADHESIVO INSTANTANEO'),
(382, 18, 30, 'SELLADOR P/CONSTRUCCION'),
(383, 18, 31, 'SELLADOR BA?OS Y COCINAS'),
(384, 18, 32, 'VENDA LIQUIDA'),
(385, 18, 33, 'SELLADOR ZINGUERIA'),
(386, 18, 34, 'GRAMPAS'),
(387, 18, 35, 'SELLADOR PISCINAS'),
(388, 18, 36, 'PINTURA ANTIHONGOS'),
(389, 18, 37, 'ENGRAMPADORA'),
(390, 18, 38, 'ADHESIVO EPOXI'),
(391, 19, 1, 'POXIPOL TRANSP.CHICO-GRIS'),
(392, 19, 2, 'POXILINA 10 MIN.'),
(393, 19, 3, 'LA GOTITA'),
(394, 19, 4, 'POXIRAN'),
(395, 19, 5, 'FASTIX'),
(396, 19, 6, 'FASTIX CARTUCHO'),
(397, 19, 7, 'FASTIX ALTA TEMPERATURA'),
(398, 19, 10, 'POXIMIX EXT. O INT.'),
(399, 19, 11, 'POXITAS X 12UNID.'),
(400, 19, 12, 'UNIPOX PEG.UNIVERSAL'),
(401, 19, 13, 'UNIPOX.MASILLA P/ARTESANO'),
(402, 19, 14, 'EL PULPITO'),
(403, 19, 15, 'VOLIGOMA'),
(404, 19, 16, 'ECCOLE'),
(405, 20, 1, 'RODILLO POLIESTER S/FUNDA'),
(406, 20, 2, 'RODILLO POLIESTER FORRADO'),
(407, 20, 3, 'BOINA C/REFUERZO'),
(408, 20, 4, 'TAPA TODO (CUBRE TODO)'),
(409, 20, 5, 'PA?O C/ABROJO'),
(410, 20, 10, 'TRAPO ROGERS'),
(411, 20, 11, 'ESTOPA ROGERS'),
(412, 20, 12, 'RODILLO LUMAR PROFESIONAL'),
(413, 20, 13, 'RODILLO LUDAMAR'),
(414, 20, 14, 'MINI ROD. P/REJAS LUMAR'),
(415, 20, 15, 'RODILLO POLIESTER'),
(416, 21, 1, 'FILTRO 1- 4 LITROS'),
(417, 21, 2, 'FILTRO 20 LITROS'),
(418, 21, 3, 'COLORES CONCENTRADOS'),
(419, 21, 4, 'COLORES ESPECIALES'),
(420, 21, 5, 'ENTONADOR P/PINT.AL AGUA'),
(421, 21, 6, 'MICROESFERA DE VIDRIO'),
(422, 21, 7, 'LATEX PROF.EXT/INT'),
(423, 21, 8, 'LATEX PROF.PLUS EXT/INT'),
(424, 22, 1, 'AEROSOLES COLS.NO METAL.'),
(425, 22, 2, 'AEROSOLES METALICOS'),
(426, 22, 3, 'BARNIZ EN AEROSOL 05'),
(427, 22, 4, 'BARNIZ FANTASIA 05'),
(428, 22, 5, 'AEROSOLES FLUO 05'),
(429, 22, 6, 'LUBRICANTE ZWX EN AEROSOL'),
(430, 22, 7, 'EXHIBIDOR P/62 AEROSOLES'),
(431, 22, 8, 'AEROSOLES 2 EN 1 05`'),
(432, 22, 9, 'SILICONA LIQ AEROSOLES 05'),
(433, 22, 10, 'SILICONA AEROSOLES 05'),
(434, 22, 11, 'TROMPETA'),
(435, 22, 12, 'LIMPIA ARMAS'),
(436, 22, 13, 'AEROSOLES PASTEL'),
(437, 22, 14, 'AEROSOL IMPERMEABILIZANTE'),
(438, 22, 15, 'AEROSOL SANITIZANTE'),
(439, 22, 16, 'AEROSOL MULTIPROPOSITO'),
(440, 23, 1, 'ESPATULAS'),
(441, 23, 2, 'REMOVEDOR ESPECIAL'),
(442, 23, 3, 'TACO LIJADOR'),
(443, 23, 4, 'ACIDO MURIATICO'),
(444, 23, 5, 'FILTRO PINTURA AUTO'),
(445, 23, 6, 'YESO PARIS'),
(446, 23, 7, 'KEROSENE BLANCO'),
(447, 23, 8, 'FERRITE'),
(448, 23, 9, 'ABRIDOR DE BALDES'),
(449, 23, 10, 'REJILLA TRIPLE TORNADO'),
(450, 23, 11, 'ESTOPA ROGERS'),
(451, 23, 12, 'TRAPO ROGERS'),
(452, 23, 13, 'SODA CAUSTICA'),
(453, 23, 14, 'TALCO INDUSTRIAL'),
(454, 23, 15, 'BANDEJA PLASTICA'),
(455, 23, 16, 'PROTECTOR ENDOAURAL'),
(456, 23, 17, 'COBERTOR PLASTICO'),
(457, 23, 18, 'EXTENSOR'),
(458, 23, 19, 'ACEITE DE LINO'),
(459, 23, 20, 'DESTAPA CA?ERIAS'),
(460, 23, 21, 'PASTINA'),
(461, 23, 22, 'EXTENSOR KOLOR'),
(462, 24, 1, 'ESPATULAS PINTOR CELTA'),
(463, 24, 2, 'ESPATULAS P/ENDUIR CELTA'),
(464, 24, 3, 'ESP.P/ENDUIR S/CABO CELTA'),
(465, 24, 4, 'LAMINA BLANDA CELTA'),
(466, 24, 5, 'LAMINA DURA CELTA'),
(467, 24, 6, 'LLANA YESERO CELTA'),
(468, 24, 7, 'LLANA DENTADA CELTA'),
(469, 24, 8, 'RASQUETA CURVA CELTA'),
(470, 24, 9, 'RASQUETA PLANA CELTA'),
(471, 24, 10, 'ESPATULAS PLASTICAS'),
(472, 25, 1, 'ESPATULAS PINTOR LABRADOR'),
(473, 25, 2, 'ESP.  P/ENDUIR LABRADOR'),
(474, 25, 3, 'ESPATULAS ECONOMICAS'),
(475, 26, 1, 'FAMILIAR SIMPLE'),
(476, 26, 2, 'FAMILIAR DOBLE'),
(477, 26, 3, 'PINTOR'),
(478, 26, 4, 'CABALLETES'),
(479, 26, 5, 'MESA PLEGABLE'),
(480, 26, 6, 'ZARANDA DE MADERA'),
(481, 26, 7, 'TABLON'),
(482, 27, 1, 'ESC.FAM.SIMPLE EL HORNERO'),
(483, 27, 2, 'ESC. FAM.DOBLE EL HORNERO'),
(484, 27, 3, 'ESC. PINTOR EL HORNERO'),
(485, 27, 4, 'CABALLETE SAN JOSE'),
(486, 27, 5, 'MESA PLEGABLE MADERA'),
(487, 27, 6, 'BANCO ESCALERA SAN JOSE'),
(488, 27, 7, 'ZARANDA MADERA SAN JOSE'),
(489, 27, 8, 'BANCO PLEGABLE'),
(490, 27, 9, 'TABLON + CABALLETES'),
(491, 28, 1, 'VADEX PIEDRA ROMANICA'),
(492, 28, 2, 'VADEX BASE PLASTICA'),
(493, 28, 3, 'VADEX PIEDRA ANTICA'),
(494, 28, 4, 'GRANALLADO'),
(495, 28, 5, 'VADEX BASE PLST. INTENSA'),
(496, 28, 6, 'VADEX PIEDRA ROMANICA'),
(497, 28, 7, 'VADEX BASE COAT'),
(498, 28, 8, 'VADEX IMPERMEABILIZANTE'),
(499, 28, 9, 'VADEX TEXTURABLE'),
(500, 28, 10, 'VADEX SATIN'),
(501, 28, 11, 'VADEX MICA PLUS'),
(502, 28, 12, 'MALLA PLACAS SUPERBOARD'),
(503, 28, 13, 'MALLA FIBRA DE VIDRIO'),
(504, 28, 14, 'HERRAMIENTAS'),
(505, 28, 15, 'TACO VADEX'),
(506, 28, 16, 'VADEX GRAFITO'),
(507, 29, 1, 'PINCEL 101'),
(508, 29, 2, 'PINCEL GOLD'),
(509, 29, 3, 'PINCEL KING'),
(510, 29, 4, 'PINCELETA CANARIA'),
(511, 29, 5, 'PINCELETA BLACK'),
(512, 29, 6, 'PINCELETA CAPABLANCA'),
(513, 29, 7, 'PINCELETA PARA LATEX'),
(514, 29, 8, 'ABRIDORES'),
(515, 29, 9, 'RODILLO MAX'),
(516, 29, 10, 'RODILLO MULTIUSO'),
(517, 29, 11, 'EL GALGO PLUS-MINI-RODILL'),
(518, 29, 12, 'RODILLO EL GALGO PLUS'),
(519, 29, 13, 'RODILLO LANA BLANCA'),
(520, 29, 14, 'MINI-RODILLO P/THINNER'),
(521, 29, 15, 'TOP-ROLLER-PELO CORTO'),
(522, 29, 16, 'TOP-ROLLER-PELO MEDIO'),
(523, 29, 17, 'TOP-ROLLER-PELO LARGO'),
(524, 29, 18, 'EXTENSOR TELESCOPICO'),
(525, 29, 19, 'BANDEJA EL GALGO'),
(526, 29, 20, 'RODILLO ARTE FOAM'),
(527, 29, 21, 'RODILLO GOLD FLOCK'),
(528, 29, 22, 'PINCEL VIROLA 2 BLUE BCO'),
(529, 29, 23, 'RODILLO ANTIGOTA'),
(530, 29, 24, 'KIT'),
(531, 29, 25, 'ROD. GRAN RENDIMIENTO'),
(532, 29, 26, 'RODILLO LOTUS'),
(533, 29, 27, 'PINCEL ELEFANTE S1000'),
(534, 29, 28, 'PINCEL ELEFANTE PROFES.'),
(535, 29, 29, 'RODILLO CUERO LANAR'),
(536, 29, 30, 'PINCELES BLUE'),
(537, 29, 31, 'RODILLO ALL PAINT'),
(538, 29, 32, 'PINCELERA QUICK'),
(539, 29, 33, 'PINCEL QUICK FLUOR'),
(540, 29, 34, 'PINCEL NEON'),
(541, 29, 35, 'RODILLOS CUBREMAS'),
(542, 29, 36, 'RODILLO OBRA'),
(543, 29, 37, 'JARRA CON IMAN'),
(544, 29, 38, 'SET DE ESPATULAS'),
(545, 29, 39, 'LLANA LISA'),
(546, 29, 40, 'LLANA DENTADA'),
(547, 29, 41, 'LIJADOR DE MANO'),
(548, 29, 42, 'RASPAVIDRIO'),
(549, 29, 43, 'COBERTOR FELPA'),
(550, 29, 44, 'PAD'),
(551, 29, 45, 'ESCALERAS'),
(552, 29, 46, 'ESPATULAS'),
(553, 29, 47, 'EQUIPO DE PINTAR'),
(554, 29, 48, 'RODILLO HOGAR'),
(555, 29, 49, 'RODILLO P/ AUTONIVELANTE'),
(556, 30, 1, 'SOPLETES CANE'),
(557, 30, 2, 'TAZA'),
(558, 30, 3, 'FILTROS CANE'),
(559, 30, 4, 'TURBO'),
(560, 30, 5, 'REGULADORES'),
(561, 31, 1, 'PERFILES'),
(562, 31, 2, 'PLACAS EKO'),
(563, 31, 3, 'PLACA COSMOS'),
(564, 32, 1, 'PISTOLAS'),
(565, 32, 2, 'TAZA ALUMINIO/PLASTICO'),
(566, 32, 3, 'AEROGRAFO'),
(567, 32, 4, 'PROTERA'),
(568, 32, 5, 'FILTROS DE AIRE'),
(569, 32, 6, 'CEPILLO BRONCE'),
(570, 32, 83, 'TIJERA'),
(571, 33, 1, 'MASCARAS P/PINT AUTOMOTOR'),
(572, 33, 2, 'TACOS LIJADORES'),
(573, 33, 3, 'COBERTOR P/PINT AUTOMOTOR'),
(574, 33, 4, 'DISCO LUSTRADOR'),
(575, 34, 1, 'MANTENIMIENTO PILETAS'),
(576, 35, 1, 'SHAMPOO JARAMA'),
(577, 35, 2, 'BOLITA DESOD. JARAMA'),
(578, 35, 3, 'LAVALUSTRE JARAMA'),
(579, 35, 4, 'REVIVIDOR CAUCHO JARAMA'),
(580, 35, 5, 'LIMPIA PARABRISAS JARAMA'),
(581, 35, 6, 'LIMPIA TAPIZADOS JARAMA'),
(582, 35, 7, 'LIMPIA MANOS JARAMA'),
(583, 35, 8, 'LIMPIA MOTORES JARAMA'),
(584, 35, 9, 'CRISTAL CARETA'),
(585, 35, 10, 'CINTA METRICA'),
(586, 35, 11, 'SIERRA CIRCULAR'),
(587, 35, 12, 'BRILLO EXTREMO'),
(588, 35, 13, 'AUTOPOLISH'),
(589, 35, 14, 'LIMPIA METAL'),
(590, 35, 15, 'PERFUME JARAMA'),
(591, 35, 16, 'SILICONA JARAMA'),
(592, 35, 17, 'CINTA TEFLON'),
(593, 35, 18, 'AUTOCERA'),
(594, 35, 19, 'LIMPIA CONTACTO'),
(595, 35, 20, 'MASILLA EPOXI'),
(596, 35, 21, 'MASILLA PARSECS'),
(597, 36, 1, 'ADITIVO ANTIHONGO CONCENT'),
(598, 36, 2, 'PLASTIFICANTE P/PISOS'),
(599, 36, 3, 'ESM. PARA MAQ. AGRICOLAS'),
(600, 36, 4, 'LATIZADOR'),
(601, 36, 5, 'PINTURA ASFALTICA'),
(602, 36, 6, 'BASES ELASTOMERICAS MUROS'),
(603, 36, 7, 'MEMBRANA EN PASTA'),
(604, 36, 8, 'SALPICADOS PLASTICOS'),
(605, 36, 9, 'LATEX  ANTIBACTERIA'),
(606, 36, 10, 'MATEANTE P/SINTETICOS'),
(607, 36, 11, 'FIJADORES'),
(608, 36, 12, 'IMPERM.MUROS PREMIUNM'),
(609, 36, 13, 'RECUBRIM-\"DOBLE IMPACTO\"'),
(610, 36, 14, 'LATEX NACIONAL-INT/EXT'),
(611, 36, 15, 'LATEX ECOLOGICO PLUS'),
(612, 36, 16, 'LATEX PROFESIONAL INT.'),
(613, 36, 17, 'LATEX PROF.INT/EXT.'),
(614, 36, 18, 'LATEX CONCENT.INT/LAVABLE'),
(615, 36, 19, 'LATEX CONCENT.EXT/LAVABLE'),
(616, 36, 20, 'LATEX P/CIELORRASOS'),
(617, 36, 21, 'LATEX P/EXT.COLOR-GPO 1'),
(618, 36, 22, 'LATEX P/EXT.COLOR-GPO 2'),
(619, 36, 23, 'LATEX SATINADO INT.'),
(620, 36, 24, 'TECHADO NACIONAL'),
(621, 36, 25, 'PINTURA ELASTICA FIBRADA'),
(622, 36, 26, 'LATEX IMP.FRENTES/MUROS'),
(623, 36, 27, 'IMPERM.ACRIL.INCOL.C/PELI'),
(624, 36, 28, 'IMPERM.SILICONADO S/PELI'),
(625, 36, 29, 'ESMALTE HIERRO MICACIO'),
(626, 36, 30, 'BASE ELASTOMERICA'),
(627, 36, 31, 'BARNIZ MARINO BRILLANTE'),
(628, 36, 32, 'BARNIZ MARINO SATINADO'),
(629, 36, 33, 'BARNIZ LONG LIFE'),
(630, 36, 34, 'SUPER FONDO BCO.P/MADERA'),
(631, 36, 35, 'LACA UNIVERSAL P/MADERA'),
(632, 36, 36, 'BARNIZ SINT.ECONOMICO'),
(633, 36, 37, 'BARNIZ MATE'),
(634, 36, 38, 'PINTURA P/PILETA B.ACUOSA'),
(635, 36, 39, 'PINT.P/PILET.BASE C.CLOR.'),
(636, 36, 40, 'PISOS Y CHAPAS- B. ACUOSA'),
(637, 36, 41, 'PINT. P/PISOS Y TEJAS ESM'),
(638, 36, 42, 'PINTURA P/DEMARCACION'),
(639, 36, 43, 'REMOVEDOR GEL'),
(640, 36, 44, 'REMOVEDOR LIQUIDO'),
(641, 36, 45, 'DILUYENTE POLIURETANICO'),
(642, 36, 46, 'PINTURA ALT.TEMP.-750?CC.'),
(643, 36, 47, 'PINTURA ALT.TEMP.-250?CC'),
(644, 36, 48, 'SELLADOR NITROCELULOSICO'),
(645, 36, 49, 'BASE PROFESIONAL'),
(646, 36, 50, 'ESMALTE SINT.P/COLMENAS'),
(647, 36, 51, 'ANTIOXIDO INDUSTRIAL'),
(648, 36, 52, 'ESM.SEC ULTRA RAPIDO'),
(649, 36, 53, 'ENDUIDO PLAST.INTERIOR'),
(650, 36, 54, 'ENDUIDO PLAST.EXTERIOR'),
(651, 36, 55, 'IMPRIMACION FIJ. AL AGUA'),
(652, 36, 56, 'FIJADOR-SELLADOR CONCENT.'),
(653, 36, 57, 'MASILLA ACRILICA'),
(654, 36, 58, 'FIJADOR AL AGUARRAS'),
(655, 36, 59, 'ENTONADOR LASUR EXTERIOR'),
(656, 36, 60, 'FONDO-TRIPLE ACCION'),
(657, 36, 61, 'CONVERTIDOR Y ANTIOXIDO'),
(658, 36, 62, 'ANTIOXIDO'),
(659, 36, 63, 'IMPERM. ACRILICO'),
(660, 36, 65, 'SINTETICO SATINADO'),
(661, 36, 66, 'SINTETICO BCO MATE'),
(662, 36, 67, 'SINTETICO NEGRO MATE'),
(663, 36, 68, 'PIZARRONES'),
(664, 36, 69, 'TAPAPOROS PARA MADERA'),
(665, 36, 70, 'IGNIFUGO'),
(666, 36, 71, 'IMPREGNANTE SELLADOR'),
(667, 36, 72, 'IMPREGNANTE DE A.MULTIPLE'),
(668, 36, 73, 'IMPREGNANTE DE ACC MULT'),
(669, 36, 74, 'CONVERTIDOR'),
(670, 36, 75, 'TRIPLE ACCION'),
(671, 36, 76, 'IMPRIMACION FIJADOR'),
(672, 36, 77, 'SELLADOR-FIJADOR'),
(673, 36, 78, 'MASILLA ACRILICA'),
(674, 36, 79, 'FIJADOR AL AGUARRAS'),
(675, 36, 80, 'ENTONADORES UNIVERSALES'),
(676, 36, 82, 'ESMALTE EPOXI-(2COMP-)'),
(677, 36, 83, 'CATALIZADOR EPOXI  P-(B)'),
(678, 36, 84, 'DESOXIDANTE CONCENTRADO'),
(679, 36, 85, 'ACABADO POLIURETANICO'),
(680, 36, 86, 'CATALIZADOR POLIURETANICO'),
(681, 36, 87, 'ACABADO UREICO'),
(682, 36, 88, 'DILUYENTE PARA EPOXI'),
(683, 36, 89, 'DILUYENTE POLIURETANICO'),
(684, 36, 90, 'DILUYENTE EPOXI'),
(685, 36, 91, 'DILUY.P/PISCINAS Y DEMARC'),
(686, 36, 92, 'TACO TINTOMETRICO'),
(687, 36, 93, 'ESMALTES SINTETICOS G-1'),
(688, 36, 94, 'ESMALTES SINTETICOS G-2'),
(689, 36, 95, 'BASES SINT. BTE. TINTOMET'),
(690, 36, 96, 'BASES SINT. SAT. TINTOMET'),
(691, 36, 98, 'BASES LATEX TINTOMETRICO'),
(692, 36, 100, 'CURADOR P/MADERA INCOLORO'),
(693, 36, 101, 'ADITIVO DOBLE ACCION P/4L'),
(694, 36, 102, 'IMP.P/PARED C/HUMEDAD ASC'),
(695, 36, 103, 'PISOS-TEJAS S/M - B.SOLV.'),
(696, 36, 104, 'ESMALTES \" COLORS\"'),
(697, 36, 105, 'TINTAS P/SIS.TINTOMETRICO'),
(698, 36, 106, 'FUNGUICIDA - INSECTICIDA'),
(699, 36, 107, 'ADITIVO ELASTOMERICO'),
(700, 36, 108, 'PINTURAS AL AGUA FADEPA'),
(701, 36, 109, 'TECHADO ACRILICO'),
(702, 36, 110, 'TRIFUNCIONAL H2O'),
(703, 36, 111, 'VENDA'),
(704, 36, 112, 'ESMALTE POLIU. BTE 2K'),
(705, 36, 113, 'CATAL. P/ESM.POLIU.'),
(706, 36, 114, 'CATALIZADOR 2 K'),
(707, 36, 115, 'DILUYENTE ESPECIAL'),
(708, 36, 116, 'TEXTURADO'),
(709, 36, 117, 'ESMALTE POLIU. SATINADO'),
(710, 36, 118, 'COMPONENTE 2K'),
(711, 36, 119, 'BARNIZ AL AGUA'),
(712, 36, 120, 'ADHESIVO CAL'),
(713, 36, 121, 'ESMALTE AL AGUA'),
(714, 36, 122, 'SELLADOR ACRILICO'),
(715, 36, 123, 'IMPREGNANTE AL AGUA'),
(716, 36, 124, 'LATEX DECORATIVO'),
(717, 36, 125, 'CUBRITECH'),
(718, 36, 126, 'MEMBRANA POLIURETANICA'),
(719, 36, 127, 'LATEX PARA YESO'),
(720, 37, 1, 'PLAVICON INTERIOR'),
(721, 37, 2, 'PLAVICON ENDUIDO'),
(722, 37, 3, 'PLAVICON FRENTES'),
(723, 37, 4, 'PLAVICON SOBREMEMBRANA'),
(724, 37, 5, 'PLAVICON SOBRETECHOS'),
(725, 37, 6, 'PLAVICON TRANSPARENTE'),
(726, 37, 7, 'PLAVICON MUROS'),
(727, 37, 8, 'PLAVICON FIBRADO'),
(728, 37, 9, 'PLAVICON CIELORRASOS'),
(729, 37, 10, 'PLAVICON ANTICONDENSANTE'),
(730, 37, 11, 'PLAV.ACRILICO SEMI-MATE'),
(731, 37, 12, 'PLAVICON MEMBRANA FIBRADA'),
(732, 37, 13, 'PLAVICON SOBRECHAPA'),
(733, 37, 14, 'REVOCRYL'),
(734, 37, 15, 'PLAVIPINT INTERIOR'),
(735, 37, 16, 'PLAVIPINT FRENTES'),
(736, 37, 17, 'PLAVIPINT FIBRADO'),
(737, 37, 18, 'PLAV.FIJADOR CONCENTRADO'),
(738, 37, 19, 'PLAV.FIJADOR AL AGUARRAS'),
(739, 37, 20, 'LADRIK SILICONA ACUOSA'),
(740, 37, 21, 'PLAVICON MULTIUSO'),
(741, 37, 22, 'ESMALTE SINTETICO GPO 1'),
(742, 37, 23, 'PLAV.ESM.SINTETICO GPO 2'),
(743, 37, 24, 'PLAVICON LIGATODO'),
(744, 37, 25, 'PLAVICON VELO'),
(745, 37, 26, 'ESM.SINT-BCO.SATINADO'),
(746, 37, 27, 'ESM.SINT-NEGRO SATINADO'),
(747, 37, 28, 'PLAVICON MULTIUSO'),
(748, 37, 29, 'LADRIK LADRILLOS ACRILICO'),
(749, 37, 30, 'ESM.SINT-BCO.MATE'),
(750, 37, 31, 'PLAV. MUROS MICROFIBRADO'),
(751, 37, 32, 'PLAV.INTERIOR SATINADO'),
(752, 37, 33, 'ATERMIK'),
(753, 37, 34, 'ESM.SINT.NEGRO MATE'),
(754, 37, 35, 'FONDO BCO P/MADERA'),
(755, 37, 36, 'CONVEROX ANTIOXIDO'),
(756, 37, 37, 'CONVERTIDOR DE OXIDO'),
(757, 37, 38, 'PISOACRIL VIAL'),
(758, 37, 39, 'PISOACRIL TRANSPARENTE'),
(759, 37, 40, 'PLAVICON PILETAS'),
(760, 37, 41, 'PLAVICON TENNIS'),
(761, 37, 42, 'PLAVICON TANQUES'),
(762, 37, 43, 'PLAVICON BLOQUEADOR'),
(763, 37, 44, 'PLAVICON ANTIHUMEDAD'),
(764, 37, 45, 'PISOACRIL COLOR'),
(765, 37, 46, 'PLAVICON LIGANTE'),
(766, 37, 47, 'SELLADOR IMPERMEABLE'),
(767, 37, 48, 'PLAVICON VENDAS'),
(768, 37, 49, 'PLAVICON PILETAS ACRILICO'),
(769, 37, 50, 'PLAVIPINT PILETAS'),
(770, 37, 51, 'PLAVICON SILICONA'),
(771, 37, 52, 'LADRIK LADRILLOS SOLVENTE'),
(772, 37, 53, 'HABITAT'),
(773, 37, 55, 'EXIMIA PREMIUM EXT.'),
(774, 37, 56, 'EXIMIA PREMIUM INT.'),
(775, 37, 57, 'ESMALTES SINTETICOS G-1'),
(776, 37, 58, 'ESMALTES SINTETICOS G-2'),
(777, 37, 59, 'LATEX ACRILICO'),
(778, 37, 61, 'PLAVICON ENTONADORES'),
(779, 37, 62, 'PLAVICON FRENTES COLOR'),
(780, 37, 63, 'PLAV.ACRIL SEMI-MATE ROJO'),
(781, 37, 64, 'PLAVICON FIBRADO ROJO'),
(782, 37, 65, 'PLAVICON MULTIUSO ROJO'),
(783, 37, 66, 'PLAV. MULTIUSO G. CEMENTO'),
(784, 37, 67, 'BASES PLAV- ESM.SATINADO'),
(785, 37, 68, 'LADRIK BASE SOLVENTE R.C.'),
(786, 37, 69, 'BASES PLAV- ESM.BRILLANTE'),
(787, 37, 70, 'BASES EXIMIA INTERIOR'),
(788, 37, 71, 'BASES EXIMIA EXTERIOR'),
(789, 37, 72, 'BASES REVOCRIL'),
(790, 37, 73, 'BASES PLAVICON FRENTES'),
(791, 37, 74, 'BASES PLAVICON INTERIOR'),
(792, 37, 75, 'BASES PLAVICON FIBRADO'),
(793, 37, 76, 'BASES PLAVICON MUROS'),
(794, 37, 77, 'BASES PLAVICON SATINADO'),
(795, 37, 78, 'PLAVICON BARNIZ'),
(796, 37, 79, 'BASES P/ MUESTRAS X 300CC'),
(797, 37, 80, 'PLAVICONCOLOR 2 - TINTAS'),
(798, 37, 81, 'TACO PLAVICONCOLOR'),
(799, 37, 82, 'PLAVICON CHAPACRIL'),
(800, 37, 83, 'BASES PLAV. PILETAS'),
(801, 37, 84, 'ESMALTE CONVERTIDOR'),
(802, 37, 85, 'IMPERCRIL'),
(803, 37, 86, 'PLAVIPINT MUROS'),
(804, 37, 87, 'TAPATODO'),
(805, 37, 88, 'FIBRADO SILICONADO'),
(806, 38, 1, 'MEMBRANA ORMIFLEX'),
(807, 38, 2, 'ROLLO AISLANTE ALUMINIZAD'),
(808, 38, 3, 'AISLANTE ESPUMADO'),
(809, 38, 4, 'MEMBRANA BITUMAX'),
(810, 38, 5, 'ASFALTO EN PAN'),
(811, 38, 6, 'MEMBRANA AUTOADHESIVA'),
(812, 39, 1, 'PROTEX'),
(813, 39, 2, 'PLANCHA CARBON'),
(814, 39, 3, 'PISTOLA ALTA GRAVEDAD'),
(815, 39, 4, 'PULVERIZADOR'),
(816, 39, 5, 'HIDORLAVADORA'),
(817, 39, 6, 'ASPIRADORA'),
(818, 39, 7, 'COMPRESOR'),
(819, 39, 8, 'PISTOLA DE CALOR'),
(820, 39, 9, 'PISTOLA DESEMPOLVADORA'),
(821, 39, 10, 'EQUIPO DE PINTURA'),
(822, 39, 11, 'BORDEADORA'),
(823, 39, 12, 'MARSCARA FACIAL'),
(824, 39, 13, 'PISTOLA SOPLETEAR'),
(825, 39, 14, 'CUBRE PILETA'),
(826, 39, 15, 'CUTTER'),
(827, 39, 16, 'GUANTES MOTEADOS'),
(828, 39, 17, 'TRAJE DE LLUVIA'),
(829, 39, 18, 'TALADRO'),
(830, 39, 19, 'AMOLADORA'),
(831, 39, 20, 'PALA ANCHA'),
(832, 39, 21, 'PALA PUNTA'),
(833, 39, 22, 'CEPILLO ACERO'),
(834, 39, 23, 'CAJA P/HERRAMIENTAS'),
(835, 39, 24, 'PISTOLA'),
(836, 39, 25, 'GUANTE SOLDADOR'),
(837, 39, 26, 'APLICADOR PARA CARTUCHO'),
(838, 39, 27, 'DISCO DE CORTE NEO'),
(839, 39, 28, 'CABOS'),
(840, 39, 29, 'CEMENTO DE CONTACTO'),
(841, 39, 30, 'ALAMBRE'),
(842, 39, 31, 'ESTUFA'),
(843, 39, 32, 'ESCALERA'),
(844, 39, 33, 'CINTA PVC'),
(845, 39, 112, 'METRO MADERA'),
(846, 39, 113, 'ESPATULA PLASTICA'),
(847, 39, 114, 'SIKA'),
(848, 39, 115, 'FRATACHOS'),
(849, 39, 116, 'MEZCLADOR PARA TALADRO'),
(850, 39, 117, 'MAZA GOMA GARDEX'),
(851, 39, 118, 'INGLETADORA'),
(852, 39, 119, 'PUNZONADORA'),
(853, 39, 120, 'CONTRUCCI?N EN SECO'),
(854, 39, 121, 'PULVERIZADOR MOCHILA'),
(855, 39, 122, 'PUNTA MAGN?TICA'),
(856, 39, 123, 'CEPILLO'),
(857, 39, 124, 'PRECINTO'),
(858, 39, 125, 'CINTA METRICA'),
(859, 39, 126, 'ESPUMA POLIURETANICA'),
(860, 39, 127, 'PINCEL'),
(861, 40, 1, 'TALADROS'),
(862, 40, 2, 'LIJADORAS'),
(863, 40, 3, 'PISTOLAS DE CALOR'),
(864, 40, 4, 'AMOLADORAS'),
(865, 40, 5, 'PULIDORA'),
(866, 40, 6, 'PAPEL BASE'),
(867, 40, 7, 'DISCO DE CORTE'),
(868, 40, 8, 'DEISCO DE DESVASTE'),
(869, 40, 18, 'PLASTIWALL'),
(870, 41, 1, 'ENDUIDO COLLAGE'),
(871, 41, 2, 'COLA VINILICA'),
(872, 41, 3, 'CERA NATURAL O ALGARROBO'),
(873, 41, 4, 'MASILLAS COLLAGE'),
(874, 42, 1, 'EMACRIL MEMBRANA LIQUIDA'),
(875, 42, 2, 'EMACRIL MEMBRANA FIBRADA'),
(876, 42, 3, 'MEMBRANA ALUMINIO FLEXIBL'),
(877, 42, 4, 'HEAVY DUTIES LATEX'),
(878, 42, 5, 'LATEX HEAVY DUTIES MURO'),
(879, 42, 6, 'MEMBRANA  WW06'),
(880, 42, 7, 'LATEX INTERIOR/EXTERIOR'),
(881, 42, 8, 'MEMBRANA AUTOADHESIVA'),
(882, 42, 9, 'PROTECTOR PARA LADRILLOS'),
(883, 42, 10, 'ENDUIDO INTERIOR'),
(884, 42, 11, 'MAGISTER'),
(885, 42, 12, 'ENTONADOR EMAPI'),
(886, 42, 13, 'PRO MADERA'),
(887, 42, 14, 'LATEX INTERIOR'),
(888, 42, 15, 'LATEX EXTERIOR'),
(889, 42, 16, 'LATEX CIELORRASO'),
(890, 42, 17, 'LATEX HEAVY DUTIES INTERI'),
(891, 42, 18, 'CONVERTIDOR'),
(892, 42, 19, 'ANTIOXIDO'),
(893, 42, 20, 'CONVERTIDOR + ANTIOXIDO'),
(894, 42, 21, 'ESMALTE SINTETICO'),
(895, 42, 22, 'PINTURA ASFALTICA'),
(896, 42, 23, 'IMPERMEABILIZANTE'),
(897, 42, 24, 'SELLADOR FIJADOR'),
(898, 42, 25, 'MEMBRANA GEO PINT'),
(899, 42, 26, 'LATEX LOOK INTERIOR'),
(900, 42, 27, 'LATEX HEAVY DUTIES EXT.'),
(901, 42, 28, 'BASE D HEAVY DUTIES'),
(902, 42, 29, 'BASE T HEAVY DUTIES'),
(903, 42, 30, 'BASE C HEAVY DUTIES'),
(904, 42, 31, 'PINTURA PARA PILETAS'),
(905, 42, 32, 'LATEX LOOK TENDENCIA'),
(906, 42, 33, 'EMAPI VIAL'),
(907, 42, 34, 'EMAPI PISOS'),
(908, 42, 35, 'ASFALTO EN PAN'),
(909, 43, 0, 'RES. DE GOMA P/AMOL.GRAND'),
(910, 43, 1, 'MASCARA \"FRAVIDA\"'),
(911, 43, 2, 'REMERAS ARGENTINAS'),
(912, 43, 3, 'ESPONJA LAVA AUTO'),
(913, 43, 4, 'SOPLETE P/MEMBRANA'),
(914, 43, 5, 'POTES PLASTICO'),
(915, 43, 6, 'REJILLA KANEBO'),
(916, 43, 7, 'ELECTROBOMBA \"GAMA\"'),
(917, 43, 8, 'MANOMETRO'),
(918, 43, 9, 'CINTA METRICA \"PIGEON\"'),
(919, 43, 10, 'LINTERNA RAYOVAC'),
(920, 43, 11, 'MASCARA DESCARTABLE'),
(921, 43, 12, 'AUTOPOLISH'),
(922, 43, 13, 'AUTOCERA COLORIN'),
(923, 43, 14, 'MASCARA ANTIGAS'),
(924, 43, 15, 'ROCIADORA C/DEPOS. METALI'),
(925, 43, 16, 'PROTECTOR AUDITIVO'),
(926, 43, 17, 'DISCO RESPALDO DE GOMA'),
(927, 43, 18, 'PLOMADA TRAZADORA NEON'),
(928, 43, 19, 'CANDADO ECONOMICO'),
(929, 43, 20, 'MASILLA EPOXI 10 MIN'),
(930, 43, 21, 'CAJA PARA HERRAMIENTAS'),
(931, 43, 22, 'LIMPIAMANOS'),
(932, 43, 23, 'MAMELUCO DESCARTABLE'),
(933, 43, 24, 'SOPLETE AEROGRAFICO'),
(934, 43, 25, 'SOPLETE DE BAJA'),
(935, 43, 26, 'CARRETILLA'),
(936, 43, 27, 'PALA'),
(937, 43, 28, 'MANGUERA SOLYON'),
(938, 43, 29, 'CINTA AISLADORA'),
(939, 43, 30, 'PISTOLA TOLBA MAER 408'),
(940, 43, 31, 'RASPIN LIMPIA VIDRIOS'),
(941, 43, 32, 'PINITOS PERFUMADOS'),
(942, 43, 33, 'PROTERA'),
(943, 43, 34, 'LAMINAS DE ACERO'),
(944, 43, 35, 'ENVASES METALICOS'),
(945, 43, 36, 'SELLACARROCERIAS'),
(946, 43, 37, 'JARRA PINTURER?A ARIEL'),
(947, 43, 38, 'AGUARRAS PUNTO VERDE'),
(948, 43, 39, 'TIJERA D/PODAR NARANJA'),
(949, 43, 40, 'FAROL 250'),
(950, 43, 41, 'SOLDADOR P/CARTUCHO'),
(951, 43, 42, 'PISTOLA DESEMPOLVADORA'),
(952, 43, 43, 'PUERTA PLACA ALUMINIO'),
(953, 43, 44, 'SHAMPOO JARAMA'),
(954, 43, 45, 'MASILLA \"VIBRAVON\"'),
(955, 43, 46, 'ZOCALO DE ALUMINIO COMUN'),
(956, 43, 47, 'SILICONA LIQUIDA \"JARAMA\"'),
(957, 43, 48, 'FRATACHO PLAST.C/ESPUMA'),
(958, 43, 49, 'BORDEADORA'),
(959, 43, 50, 'LLANA P/TEXTURADO'),
(960, 43, 51, 'CEPILLO DE LIMPIEZA'),
(961, 43, 52, 'CEPILLO DE RAIZ'),
(962, 43, 53, 'CAJONES'),
(963, 43, 54, 'CHALECO BORDADO'),
(964, 43, 55, 'SOGA  NEON'),
(965, 43, 56, 'PERCHA NACKAR'),
(966, 43, 57, 'BOLITA DESODORANTE'),
(967, 43, 58, 'TRAPO TUBULAR'),
(968, 43, 59, 'LAVALUSTRE JARAMA'),
(969, 43, 60, 'SILICONA EN AEROSOL'),
(970, 43, 61, 'SOPLETE GRAVEDAD ECON.'),
(971, 43, 62, 'PUNTAS P/ ATORNILLADOR'),
(972, 43, 63, 'RACORD'),
(973, 43, 64, 'ACOPLE RAPIDO'),
(974, 43, 65, 'PERNO ENCHUFE'),
(975, 43, 66, 'CILINDROS DE ARENA'),
(976, 43, 67, 'CEPILLO CIRCULAR'),
(977, 43, 68, 'CUCHARA ALBA?IL'),
(978, 43, 69, 'REMACHE RERAR'),
(979, 43, 70, 'FANACOLA'),
(980, 43, 71, 'TRAJE DE LLUVIA GARDEX'),
(981, 43, 72, 'MINI-COMPRESOR'),
(982, 43, 73, 'PERFUME P/ AUTO'),
(983, 43, 74, 'PERFUME PARA AUTOS'),
(984, 43, 75, 'DISCO DIAMANTADO RHEIN'),
(985, 43, 76, 'HIDROLAVADORA DOWEN PAGIO'),
(986, 43, 77, 'SOLD. ELECTRICA DEL OESTE'),
(987, 43, 78, 'CARETA BASE REDONDA'),
(988, 43, 79, 'BALDE VOSS 2000'),
(989, 43, 80, 'PLOMADA ALBA?IL TROMPO'),
(990, 43, 81, 'METRO MADERA SIMPLE'),
(991, 43, 82, 'ANDAMIO TUBULAR'),
(992, 43, 83, 'BOTELLA PLASTICA'),
(993, 43, 84, 'GORRA PINTURERIA ARIEL'),
(994, 43, 85, 'CANASTO PLAST. COLOMBRARO'),
(995, 43, 86, 'LISTA DE PRECIOS'),
(996, 43, 87, 'MOTOSIERRAS'),
(997, 43, 88, 'SELLADOR SILIC. SELLOFLEX'),
(998, 43, 89, 'CAMPERA BORDADA'),
(999, 43, 90, 'ARTICULOS VARIOS'),
(1000, 43, 91, 'EXTENSOR DE MADERA'),
(1001, 43, 92, 'TOLVA'),
(1002, 43, 93, 'PORTATIL X 10MTS'),
(1003, 43, 94, 'CINTA TEFLON X 10MTS NEON'),
(1004, 43, 95, 'ROCIADORA X 1 LITRO'),
(1005, 43, 96, 'REMACHADORA POP'),
(1006, 43, 97, 'LLANA YESERO'),
(1007, 43, 99, 'LIMPIA METAL'),
(1008, 43, 100, 'ACCESORIOS PARA SOPLETES'),
(1009, 43, 102, 'ACCESORIOS P/AMOLADORAS'),
(1010, 43, 103, 'DISCOS FLAP'),
(1011, 43, 104, 'ENVASES PLASTICOS VACIOS'),
(1012, 43, 105, 'TACO LIJADOR POWER'),
(1013, 43, 106, 'NOGALINA KOLOR'),
(1014, 43, 107, 'PA?O SILICONADO LUPA'),
(1015, 43, 108, 'HIDROLAVADORA HYUNDAI'),
(1016, 43, 109, 'IMPER. P/TECHOS CUBRITECH'),
(1017, 43, 110, 'PAPEL MADERA'),
(1018, 43, 111, 'COLADOR DE PINTURA'),
(1019, 43, 112, 'TALADRO SKIL'),
(1020, 43, 113, 'ACEITE MULTIUSO'),
(1021, 43, 115, 'TRAMPA DE AGUA'),
(1022, 43, 116, 'MAQUINA P/SALPICADO PLAST'),
(1023, 43, 117, 'ENVASES DE CHAPA VACIOS'),
(1024, 43, 118, 'BARRA ALUMINIO'),
(1025, 43, 119, 'PRECINTOS NEGROS'),
(1026, 43, 120, 'REVIVIDOR CAUCHO JARAMA'),
(1027, 43, 121, 'ROLLO CARTON CORRUGADO'),
(1028, 43, 122, 'DISCO ADAP. P/AMOLADORA'),
(1029, 43, 123, 'AMOLADORA'),
(1030, 43, 124, 'SOPLETE ALTA TASA PLASTIC'),
(1031, 43, 125, 'BRACITOS INFLABLES'),
(1032, 43, 126, 'LIMPIA PARABRISAS JARAMA'),
(1033, 43, 127, 'LIMPIA TAPIZADOS JARAMA'),
(1034, 43, 128, 'ARCO DE SIERRA'),
(1035, 43, 131, 'CINTA ALUMINIZADA'),
(1036, 43, 132, 'SOLDADORA ELECTRICA'),
(1037, 43, 133, 'CABALLETES DE CA?O'),
(1038, 43, 134, 'PROMOS MES ANIVERSARIO'),
(1039, 43, 135, 'SILOCP/PARABRISAS'),
(1040, 43, 136, 'ANTEOJOS'),
(1041, 43, 137, 'LAPIZ CORRECTOR'),
(1042, 43, 138, 'BRONCE BRILL CREMA'),
(1043, 43, 139, 'PROTERA'),
(1044, 43, 140, 'COMPRESOR WORK'),
(1045, 43, 141, 'BANQUETA ESCALERA'),
(1046, 43, 142, 'SOPORTE PARA RODILLO'),
(1047, 43, 143, 'ESPATULA PLASTICA'),
(1048, 43, 144, 'TERMOS FERRAMIX'),
(1049, 43, 145, 'APLICADOR PARA MASILLA'),
(1050, 43, 146, 'MEZCLADOR DE TINTA'),
(1051, 43, 147, 'BRAZO EXTENS TELESCOPIO'),
(1052, 43, 148, 'BROCHA CUADRADA'),
(1053, 43, 149, 'ESPONJA ABRASIVA'),
(1054, 43, 150, 'PINCEL V 1'),
(1055, 43, 151, 'PINCEL V2'),
(1056, 43, 152, 'PINCEL MADERA'),
(1057, 43, 153, 'PINCEL PARA PATINA'),
(1058, 43, 154, 'BANDEJA PARA COLGAR'),
(1059, 43, 155, 'BALDE ALBA?IL PLASTICO'),
(1060, 43, 156, 'TARUGO  8'),
(1061, 43, 157, 'TORNILLO'),
(1062, 43, 158, 'FILTRO'),
(1063, 43, 159, 'LIMPIADOR CONCENTRADO'),
(1064, 43, 160, 'FRANELA'),
(1065, 43, 161, 'REJILLA'),
(1066, 43, 162, 'DISCO DE CORTE'),
(1067, 43, 163, 'SODA CAUSTICA'),
(1068, 43, 164, 'ESTOPA FADESAL'),
(1069, 43, 165, 'TRAPO DE ALGODON'),
(1070, 43, 166, 'SULFATO DE COBRE'),
(1071, 43, 167, 'SILOC PU'),
(1072, 43, 168, 'LIMPIADOR DE SEGURIDAD'),
(1073, 43, 169, 'ACIDO CLORHIDRICO'),
(1074, 43, 170, 'ARTICULOS DISCONTINUADOS'),
(1075, 43, 171, 'SERRUCHO'),
(1076, 43, 172, 'LLAVE CA?O STILLSON'),
(1077, 43, 173, 'EQUIPO DE PINTURA'),
(1078, 43, 174, 'HOJAS DE SIERRA'),
(1079, 43, 175, 'CANDADOS PROLL'),
(1080, 43, 176, 'PARANTES Y ESCUADRAS'),
(1081, 43, 177, 'BOLSAS ECOLOGICAS PINT ARIEL'),
(1082, 43, 178, 'FIESTA NACIONAL DEL PINTOR'),
(1083, 43, 179, 'ENDUIDO'),
(1084, 43, 180, 'DESODORANTE CORPORAL'),
(1085, 43, 181, 'INDUMENTARIA'),
(1086, 43, 182, 'COLORES ERRADOS'),
(1087, 43, 183, 'ESPUMA SILOC MEGA'),
(1088, 43, 184, 'FRATACHOS'),
(1089, 43, 185, 'BARRA ALUMINIO'),
(1090, 43, 186, 'OXIDATO'),
(1091, 43, 187, 'ESCALERA ALUMINIO'),
(1092, 44, 1, 'MEMBRANA MEGAFLEX'),
(1093, 44, 2, 'EMULSION ASFALTICA'),
(1094, 44, 3, 'MEMBRANA AUTODHESIVA'),
(1095, 44, 4, 'MEMBRANA MEGAF-NO CRACK'),
(1096, 44, 5, 'HIDRO REPELENTE'),
(1097, 44, 6, 'MEMBRANA GEOTRANS'),
(1098, 44, 7, 'ASFALTO EN PAN'),
(1099, 44, 8, 'PINTURA ASFALTICA'),
(1100, 44, 9, 'SELLAMETALES'),
(1101, 44, 10, 'PINTURA GEOTRANS'),
(1102, 44, 11, 'MEMBRANA ASFALTICA'),
(1103, 44, 12, 'MEMBRANA C/POLIETILENO'),
(1104, 44, 13, 'SELLADORES'),
(1105, 44, 14, 'PALLET NORMALIZADO'),
(1106, 44, 15, 'REVESTIMIENTO ANTICORROSI'),
(1107, 44, 16, 'MEMBRANA CLIPPER FLEX'),
(1108, 44, 17, 'MEMBRANA LIQUIDA'),
(1109, 44, 18, 'CLIPPERFLEX MEMBRANA ASF?LTICA'),
(1110, 44, 19, 'LIMPIADOR RENOVADOR'),
(1111, 45, 1, 'LACA NITROSINTETICA'),
(1112, 45, 2, 'LACA NITROSINT.ALUMINIO'),
(1113, 45, 3, 'LACA S/ MATE P/PARAGOLPES'),
(1114, 45, 4, 'LACA ACRILICA'),
(1115, 45, 5, 'ESMALTES  POLIURETANICOS'),
(1116, 45, 6, 'LUSTRE'),
(1117, 45, 7, 'SUBCARROCERIAS ACUOSO'),
(1118, 45, 8, 'MASILLA UNIVERSAL'),
(1119, 45, 9, 'MASILLA UNIVERSAL RAPIDA'),
(1120, 45, 10, 'PRIMER ANTIOXIDO'),
(1121, 45, 11, 'PRIMER 1 K'),
(1122, 45, 12, 'PRIMER ADHERENTE'),
(1123, 45, 13, 'PRIMER 2K'),
(1124, 45, 14, 'REGLA P/CATALIZACION'),
(1125, 45, 15, 'CLEAR 2K'),
(1126, 45, 16, 'DILUY-POLIURET. Y BICAPA'),
(1127, 45, 17, 'LACA NITROCELUL-TRANSP-'),
(1128, 45, 18, 'LACA ACRILICA BASE TRANSP'),
(1129, 45, 19, 'CATALIZ- P/PRIMER Y CLEAR'),
(1130, 45, 20, 'CLEAR 1K CONCENTRADO'),
(1131, 45, 21, 'LACA NITROSINTETICA BCA'),
(1132, 45, 22, 'LACA NITROSINT.NEGRO BTE.'),
(1133, 45, 23, 'LACA ACRILICA BLANCA'),
(1134, 45, 24, 'LACA ACRILICA NEGRO BTE.'),
(1135, 45, 25, 'PARCHE FIBREPLAST'),
(1136, 45, 26, 'A.TAXI NITROSINTETICO'),
(1137, 45, 27, 'N.ESCOLAR NITROSINTETICO'),
(1138, 45, 28, 'A.MIRAMAR NITROSINTETICO'),
(1139, 45, 29, 'V.ITALIA NITROSINTETICO'),
(1140, 45, 30, 'V.REMISE POLIURETANO'),
(1141, 45, 31, 'MASILLA PLASTICA TRIMAS'),
(1142, 45, 32, 'RECUPLAST TEXTURA MEDIA'),
(1143, 45, 33, 'RECUPLAST AGRESTE'),
(1144, 45, 34, 'RECUPLAST TEXTURA FINO'),
(1145, 45, 35, 'RECUPLAST REVO'),
(1146, 45, 36, 'COLORES SUAVES \"CREMAR\"'),
(1147, 45, 37, 'COLORES INTENSOS \"CREMAR\"'),
(1148, 45, 38, 'COLORES CONC. \"CREMAR\"'),
(1149, 45, 39, 'COLORES AMERIC. \"CREMAR\"'),
(1150, 45, 40, 'COLORES ESPEC. \"CREMAR\"'),
(1151, 45, 41, 'CATALIZADOR RAPIDO'),
(1152, 45, 42, 'PRIMER 2K BEIGE'),
(1153, 45, 43, 'DESOXIMAS'),
(1154, 45, 44, 'MAS. POLIESTER EXTRA FINA'),
(1155, 45, 45, 'DESENGRASANTE TRIMAS'),
(1156, 45, 46, 'DILUY P/PRIMER Y CLEAR 2K'),
(1157, 45, 47, 'THINNER UNIV. SINTEPLAST'),
(1158, 45, 48, 'CATALIZADOR DE BEER'),
(1159, 45, 49, 'PRIMER DE BEER C/CATALIZ.'),
(1160, 45, 50, 'CLEAR DE BEER'),
(1161, 45, 51, 'BINDER MM'),
(1162, 45, 52, 'EPOXI P/PISOS SINTEPLAST'),
(1163, 45, 53, 'SINTEPLAST - TUNNING'),
(1164, 45, 54, 'DE BEER - BEROBASES'),
(1165, 45, 55, 'PRIMER 2K TINTABLE A. S.'),
(1166, 45, 56, 'MASILLA ULTRALIVIANA'),
(1167, 45, 57, 'ESMALTE EPOXI SINTEPLAST'),
(1168, 45, 58, 'SINTESPRAY MARTILLADO'),
(1169, 45, 59, 'CLEAR 1K LISTO PARA USAR'),
(1170, 45, 60, 'SILICONA MARTILLANTE'),
(1171, 45, 61, 'DILUYENTE MULTIUSO'),
(1172, 45, 62, 'KIT PARCHE TRIMAS'),
(1173, 45, 63, 'MASILLA CALAFATEO'),
(1174, 45, 64, 'FONDO ANTICORROSIVO'),
(1175, 45, 65, 'ANTIOXIDO EPOXI'),
(1176, 45, 66, 'PRIMER VINILICOS'),
(1177, 45, 67, 'PASTA DE PULIR TRIMAS'),
(1178, 45, 68, 'RECUPLAST FRENTES'),
(1179, 45, 69, 'LACA SEMIMATE MADERPLAST\"'),
(1180, 45, 70, 'FLAKES SILVER MINI 177 CM'),
(1181, 45, 71, 'LATEX KING'),
(1182, 45, 72, 'LATEX KING INT/EXT'),
(1183, 45, 73, 'FERROXIN ANTIOXIDO'),
(1184, 45, 74, 'COLOR AUTOMOTOR'),
(1185, 45, 75, 'SINTECOAT'),
(1186, 45, 76, 'MASILLA MULTIPROPOSITO'),
(1187, 45, 77, 'IMPRESION GRIS NS'),
(1188, 45, 78, 'WATERBASE MM'),
(1189, 45, 79, 'BASE COLOR'),
(1190, 45, 80, 'MAQUINA COLORES AUTOMOR'),
(1191, 45, 81, 'TAPA SINTEPLAST'),
(1192, 45, 82, 'ESTANTERIA SISTEMA AGUA'),
(1193, 45, 83, 'MAPA DE COLOR'),
(1194, 45, 84, 'DILUYENTE POLIURETANO'),
(1195, 45, 85, 'SATINPLAST PASTEL'),
(1196, 45, 86, 'RECUPLAST GRANIT'),
(1197, 45, 87, 'ENDURECEDOR DE BEER'),
(1198, 45, 88, 'MASILLA POLIESTER ULTRA'),
(1199, 45, 89, 'PRIMER ANTICORROSIVO'),
(1200, 45, 90, 'POLIURETANO MM'),
(1201, 45, 91, 'HIDROLACA'),
(1202, 45, 92, 'AEROSOL FLUO'),
(1203, 45, 93, 'RECUPLAST IMPRIMACION'),
(1204, 45, 94, 'RECUPLAST MICROCEMENTO'),
(1205, 45, 95, 'RECUPLAST GRIETAS Y JUNTA'),
(1206, 45, 96, 'ADITIVO'),
(1207, 45, 97, 'RECUFLOOR ALTOTRANSITO'),
(1208, 45, 98, 'MASILLA DE RETOQUE'),
(1209, 45, 99, 'RECUPLAST HIDROESMALTE'),
(1210, 45, 100, 'MASILLA PARA PLACAS'),
(1211, 45, 101, 'RECUPLAST FIBRADO'),
(1212, 45, 102, 'DAMERO'),
(1213, 45, 103, 'MASILLA DE BEER'),
(1214, 45, 104, 'DOSING CAP'),
(1215, 45, 105, 'RECUPLAST ESTUCO'),
(1216, 45, 106, 'GLASURIT BLANCO'),
(1217, 45, 107, 'SPOT REPAIR'),
(1218, 45, 108, 'AEROSOL BRILLOSPRAY'),
(1219, 45, 109, 'IMPREGNANTE'),
(1220, 45, 110, 'VALSPAR'),
(1221, 45, 111, 'ENDURECEDOR'),
(1222, 45, 112, 'CATALIZADOR'),
(1223, 45, 113, 'ENDURECEDOR SINTEPLAST'),
(1224, 45, 114, 'COLORANTE UNIVERSAL-TINTA'),
(1225, 45, 115, 'BRILLOPLAST'),
(1226, 45, 116, 'SOPLETES TRIMAS'),
(1227, 45, 117, 'LIJADORA ROTO ORBITAL TRIMAS'),
(1228, 45, 118, 'ESMALTE DTM'),
(1229, 45, 119, 'IMPREGNANTE ACUOSO'),
(1230, 45, 120, 'RECUBICK'),
(1231, 45, 121, 'PINTURA VIAL'),
(1232, 45, 122, 'MASILLA NITRICELULOSICA'),
(1233, 45, 123, 'SINTESPRAY BASE'),
(1234, 45, 124, 'COLORANTE INDUSTRIAL'),
(1235, 45, 125, 'EPOXI'),
(1236, 45, 126, 'ESPATULA PLASTICA'),
(1237, 45, 127, 'ESMALTE SECADO RAPIDO INDUSTRI'),
(1238, 45, 128, 'SELLADOR'),
(1239, 45, 129, 'SELLADOR NITROCELULOSICO'),
(1240, 45, 130, 'RECUMIX'),
(1241, 45, 131, 'RECUFLOOR DESENGRASANTE'),
(1242, 45, 132, 'LACA UREICA'),
(1243, 45, 133, 'CATALIZADOR PARA LACA UREICA'),
(1244, 45, 134, 'BARNIZ'),
(1245, 45, 135, 'IMPRESION UNIVERSAL'),
(1246, 45, 136, 'PISCINAS CAUCHO'),
(1247, 45, 137, 'SATINPLAST'),
(1248, 45, 138, 'ESMALTE ACRIL. DTM'),
(1249, 45, 139, 'BASE NIVELADORA'),
(1250, 45, 140, 'COLOR'),
(1251, 45, 141, 'RECUPLAST INTERIOR'),
(1252, 45, 142, 'RECUBLOCK ANTIHUMEDAD'),
(1253, 45, 143, 'RECUBLOCK 3 EN 1'),
(1254, 45, 144, 'RECUPLAST TECHOS'),
(1255, 45, 145, 'RECUPLAST TRADICIONAL'),
(1256, 45, 146, 'RECUFLOOR PISOS'),
(1257, 45, 147, 'KING INTERIOR'),
(1258, 45, 148, 'KING INT/EXT'),
(1259, 45, 149, 'KING EXTERIOR'),
(1260, 45, 150, 'DURALATEX CIELOS RASOS'),
(1261, 45, 151, 'DURALATEX BA?OS Y COCINAS'),
(1262, 45, 152, 'BARNIPLAST'),
(1263, 45, 153, 'ACRILPLAST'),
(1264, 45, 154, 'PROFESIONAL INTERIOR'),
(1265, 45, 155, 'PROFESIONAL INTERIOR-EXTERIOR'),
(1266, 45, 156, 'PROFESIONAL EXTERIOR'),
(1267, 45, 157, 'CIELOS RASOS'),
(1268, 45, 158, 'PROFESIONAL MEMBR.TECHOS'),
(1269, 45, 159, 'PROFESIONAL MEMBR. FRENTES'),
(1270, 45, 160, 'DECK IMPREGNANTE FORESTA'),
(1271, 45, 161, 'CATALIZADOR TRIMAS'),
(1272, 45, 162, 'RECUPLAST GRESS'),
(1273, 45, 163, 'EFECTO MISTERIUS'),
(1274, 45, 164, 'SELLAPLAST'),
(1275, 45, 165, 'ENDUPLAST'),
(1276, 45, 166, 'TONOPLAST'),
(1277, 45, 167, 'FONDO BCO'),
(1278, 45, 168, 'ESMALTE ALTA TEMP.'),
(1279, 45, 169, 'SECADO RAPIDO'),
(1280, 45, 170, 'DILUYENTES'),
(1281, 45, 171, 'SELLAPLAST'),
(1282, 45, 172, 'MATEANTE- INDUST. ESPECIAL'),
(1283, 45, 173, 'MASILLA METALICA'),
(1284, 45, 174, 'MASILLA ELASTICA'),
(1285, 45, 175, 'CLEAR CHECK'),
(1286, 45, 176, 'BARNIZ 2K'),
(1287, 46, 1, 'PINCELES VIROLA 1 VERDE'),
(1288, 46, 2, 'PINC V2 NEGRO - SERIE 318'),
(1289, 46, 3, 'PINCELETAS P/PINT.AL AGUA'),
(1290, 46, 4, 'PINCELETA P/PINT.AL A-REF'),
(1291, 46, 5, 'PINCELETA ENCAPADA - 1742'),
(1292, 46, 6, 'ROD. LANA MAXI 1? CALIDAD'),
(1293, 46, 7, 'RODILLO SIMIL LANA'),
(1294, 46, 10, 'RODILLO DE LANA MAXI'),
(1295, 46, 11, 'BANDEJAS'),
(1296, 46, 12, 'PINCELETA PURA CERDA CH.'),
(1297, 46, 13, 'LOGOS'),
(1298, 46, 14, 'PINC PROF. AM - SERIE 815'),
(1299, 46, 15, 'PINCEL SIST. IT SERIE 091'),
(1300, 47, 1, 'ATORNILLADO RECARGABLE'),
(1301, 47, 2, 'TALADRO'),
(1302, 47, 3, 'KIT Y-2303'),
(1303, 47, 4, 'LINTERNA RECARGABLE'),
(1304, 47, 5, 'AMOLADORAS'),
(1305, 47, 6, 'KIT D-1-104K'),
(1306, 47, 9, 'GARLOPA'),
(1307, 47, 10, 'LUSTRA LIJADORA'),
(1308, 47, 11, 'LIJADORA ORBITAL'),
(1309, 47, 12, 'LIJADORA DEL PLATO'),
(1310, 47, 13, 'TALADRO ATORNILLADOR'),
(1311, 47, 15, 'LUSTRA-LIJADORA'),
(1312, 47, 18, 'BLISTER'),
(1313, 47, 21, 'ROEDORA EN ACERO'),
(1314, 47, 22, 'PISTOLA DE CALOR'),
(1315, 47, 23, 'CUCHILLA NACK'),
(1316, 47, 29, 'INGLETADORA COMPUESTA'),
(1317, 47, 32, 'MARTILLO DEMOLEDOR'),
(1318, 47, 36, 'EQUIPO DE PINTAR'),
(1319, 47, 38, 'ELECTROSIERRA'),
(1320, 47, 40, 'CORTACERCO-HOGAR'),
(1321, 48, 1, 'SELLADOR STANDARD-5480'),
(1322, 48, 2, 'LACA U-3483 S/M C/CAT.B45'),
(1323, 48, 3, 'LACA U-3484 S/M C/CAT B35'),
(1324, 48, 4, 'LACA U-BTE C/CAT.3452'),
(1325, 48, 5, 'DILUYENTE ESPECIAL-5125'),
(1326, 48, 6, 'DILUY- RETARDADOR-3490'),
(1327, 48, 7, 'CATALIZADOR P/UREICO-2781'),
(1328, 48, 8, 'NITROCEL-TRANSPARENTE'),
(1329, 48, 9, 'NITROCEL.TRANP-S/M2906'),
(1330, 48, 10, 'POLIURET FONDO TRANS-5664'),
(1331, 48, 11, 'POLIURET LACA T-BRILL5665'),
(1332, 48, 12, 'POLIURET LACA MATE-6012'),
(1333, 48, 13, 'POLIURET LACA S/MATE-6027'),
(1334, 48, 14, 'POLIURET FONDO BCO-6510'),
(1335, 48, 15, 'POLIURET LACA B-BTE-5551'),
(1336, 48, 16, 'POLIURET LACA B-MATE 5553'),
(1337, 48, 17, 'POLIURET LACA B-S/M 5552'),
(1338, 48, 18, 'TINTA AL AGUA CEDRO-3737'),
(1339, 48, 19, 'TINTA AL AGUA ROBLE-3754'),
(1340, 48, 20, 'LACA POLIU-B.BTE.P/E-4717'),
(1341, 48, 21, 'LACA POLIU-BS/M-P/EXT4515'),
(1342, 48, 22, 'LACA POLIU T.BTE P/EX5694'),
(1343, 48, 23, 'LACA POLIU T.S/M.P/EX6076'),
(1344, 48, 24, 'CATAL.P/LACA TRANS.-5695'),
(1345, 48, 25, 'DILUY. P/POLIU. CENIT'),
(1346, 48, 26, 'CATAL-P/POL.BCO-3902'),
(1347, 48, 27, 'CATAL.BAJO AMARILLO-4153'),
(1348, 48, 28, 'TINTA AL AGUA WENGUE-6557'),
(1349, 48, 29, 'LACA U - MATE C/CAT.4721'),
(1350, 48, 30, 'CATALIZ. P/F. POLIU. 5666'),
(1351, 48, 31, 'POLIURETANO EXTERIOR'),
(1352, 48, 32, 'TINTA EXTRA UNIVERSAL'),
(1353, 48, 33, 'CATALIZADOR POLIUR.'),
(1354, 48, 34, 'DILUYENTE POLIURETANICO C'),
(1355, 48, 35, 'SELLADOR NITROCELULOSICO'),
(1356, 48, 36, 'EQUIPO POLIURETANO'),
(1357, 48, 37, 'LACA UREICA BRILLANTE'),
(1358, 48, 38, 'LACA UREICA S/MATE B 35'),
(1359, 48, 39, 'LACA UREICA S/MATE B 45'),
(1360, 48, 40, 'CATALIZADOR POLIURETANICO'),
(1361, 48, 41, 'DILUYENTE UREICO'),
(1362, 48, 42, 'POLIU. LACA TRANSPARENTE'),
(1363, 48, 43, 'DILUY P/LIMPIAR SOPLETE'),
(1364, 49, 1, 'TASSOGLASSG-100'),
(1365, 49, 2, 'ADHESIVO TASSOGLASS'),
(1366, 50, 1, 'PINCELETA CERDA CHINA BCA'),
(1367, 50, 2, 'CEPILLO DE ACERO ROSARPIN'),
(1368, 50, 3, 'CEPILLO DE LIMPIEZA'),
(1369, 50, 4, 'TAPATODO ROSARPIN'),
(1370, 50, 5, 'PA?O DE LUSTRE'),
(1371, 50, 6, 'PINCEL MECANICO'),
(1372, 50, 7, 'BROCHIN GRANDE'),
(1373, 50, 8, 'TRAGAMUROS P/TAPIALES'),
(1374, 50, 9, 'BANDEJAS'),
(1375, 50, 10, 'ROSARPIN BANDA ELASTICA'),
(1376, 50, 11, 'EXTENSORES ROSARPIN'),
(1377, 50, 12, 'PINCEL CERDA BLANCA'),
(1378, 50, 13, 'PINCELES P/FILETEAR Y ART'),
(1379, 50, 14, 'PINCEL MAXIM'),
(1380, 50, 15, 'RODILLO ESTANDAR'),
(1381, 50, 16, 'RODILLO LANA SUPER'),
(1382, 50, 17, 'PINCELETA S150 CERDA BCA'),
(1383, 50, 18, 'PORTATIL X 10 MTS.'),
(1384, 50, 19, 'PINCEL CERDA BCA S 190'),
(1385, 50, 20, 'PINCEL CERDA BCA S2000'),
(1386, 50, 21, 'PINCEL PELO DE CERDA S456'),
(1387, 50, 22, 'RODILLO LANA NORMAL'),
(1388, 50, 23, 'RODILLO LANA NATURAL HILADA'),
(1389, 51, 1, 'MOLDURAS DE MADERA P. A.'),
(1390, 51, 2, 'PASAMANOS P. A.'),
(1391, 52, 1, 'MANGUERAS'),
(1392, 53, 1, 'REPUESTOS WAGNER'),
(1393, 53, 2, 'FILTROS WAGNER'),
(1394, 53, 3, 'PICOS WAGNER'),
(1395, 53, 4, 'EQUIPO WAGNER P-20'),
(1396, 53, 5, 'ACEITE SEPARADOR'),
(1397, 53, 6, 'EXTENSORES'),
(1398, 54, 1, 'REPUESTO RODILLO'),
(1399, 54, 2, 'RODILLO POLIESTER'),
(1400, 54, 3, 'RODILLO LANA'),
(1401, 54, 4, 'SOPORTE PARA RODILLO'),
(1402, 54, 5, 'ESPATULA PLASTICA'),
(1403, 54, 6, 'APLICADOR PARA MASILLA'),
(1404, 54, 7, 'MEZCLADOR DE TINTA'),
(1405, 54, 8, 'BRAZO EXTENSIBLE'),
(1406, 54, 9, 'BROCHA CUADRADA'),
(1407, 54, 10, 'ESPONJA ABRASIVA'),
(1408, 54, 11, 'PINCEL AZUL V1'),
(1409, 54, 12, 'PINCEL GRANATE V1'),
(1410, 54, 13, 'PINCEL VERDE V1'),
(1411, 54, 14, 'PINCEL BEIGE V1'),
(1412, 54, 15, 'PINCEL ORO V2'),
(1413, 54, 16, 'PINCEL MADERA'),
(1414, 54, 17, 'PINCEL PARA PATINA'),
(1415, 54, 18, 'BANDEJA PARA COLGAR'),
(1416, 54, 19, 'PINCEL AMARILLO V1'),
(1417, 54, 20, 'PINCEL NARANJA V2'),
(1418, 54, 21, 'RODILLO LANA'),
(1419, 54, 22, 'PINCEL NEGRO V1'),
(1420, 54, 23, 'MINI RODILLO'),
(1421, 54, 24, 'RODILLO SUPER ZERO GOTA'),
(1422, 54, 25, 'RODILLO PIEL'),
(1423, 54, 26, 'KIT PARA PINTAR'),
(1424, 54, 27, 'PINCEL BLANCO V2'),
(1425, 54, 28, 'RODILLO GOMA P/ TEXTURA'),
(1426, 54, 29, 'THINNER'),
(1427, 54, 30, 'LIJAS'),
(1428, 54, 31, 'CINTA DE ENMASCARAR'),
(1429, 54, 32, 'PINCEL- V2- AZUL'),
(1430, 54, 33, 'BROCHA REDONDA'),
(1431, 54, 34, 'LLANA DE ACERO'),
(1432, 54, 35, 'LLANA PLASTICA'),
(1433, 54, 36, 'CEPILLO DE ACERO'),
(1434, 54, 37, 'ESPATULA DE ACERO'),
(1435, 54, 38, 'PINCEL AMARILLO V1'),
(1436, 54, 39, 'CERDA BLANCA IMPORT'),
(1437, 54, 40, 'PINCEL CERDA OREJA DE BUEY'),
(1438, 54, 41, 'ABRIDOR DE ENVASES'),
(1439, 55, 1, 'BOTELLAS PET'),
(1440, 56, 1, 'TACO LIJADOR'),
(1441, 56, 2, 'CEPILLO'),
(1442, 56, 3, 'PISTOLA ELECTRICA'),
(1443, 56, 4, 'AMOLADORA ANGULAR'),
(1444, 56, 5, 'PISTOLA AIRE CALIENTE'),
(1445, 56, 6, 'LIJADORA ORBITAL'),
(1446, 56, 7, 'CINTA PELIGRO'),
(1447, 56, 8, 'TALADRO');
INSERT INTO `rubros` (`id`, `linea`, `rubro`, `descripcion`) VALUES
(1448, 56, 9, 'DISCOS DE GOMA'),
(1449, 56, 10, 'COMPRESOR'),
(1450, 56, 11, 'FRATACHO'),
(1451, 56, 12, 'RODILLO LANA'),
(1452, 56, 13, 'SIERRA CIRCULAR'),
(1453, 57, 1, 'FRATACHO'),
(1454, 57, 2, 'CUCHARA'),
(1455, 57, 3, 'PALAS'),
(1456, 57, 4, 'BALDE'),
(1457, 58, 1, 'PLACAS DURLOCK'),
(1458, 58, 2, 'CINTA P/DURLOCK'),
(1459, 58, 3, 'MASILLA DURLOCK'),
(1460, 58, 4, 'PERFILES DURLOCK'),
(1461, 58, 5, 'ANGULO DE AJUSTE DURLOCK'),
(1462, 58, 6, 'TORNILLOS P/DURLOCK'),
(1463, 58, 7, 'TACOS FISCHER P/DURLOCK'),
(1464, 58, 8, 'PLACAS TERMOACUSTICAS'),
(1465, 58, 9, 'LANA DE VIDRIO DURLOCK'),
(1466, 58, 10, 'TACOS NYLON'),
(1467, 58, 11, 'ADHESIVO PARA PLACA'),
(1468, 59, 1, 'PASTA PULIR AGUA + LUSTRE'),
(1469, 59, 2, 'COMPUESTO LUSTRADOR'),
(1470, 59, 3, 'CINTA ENMASCARAR'),
(1471, 59, 8, 'TACO LIJADOR'),
(1472, 59, 9, 'MASCARAS P/AUTOMOTOR'),
(1473, 59, 10, 'COBERTOR P/AUTOMOTOR'),
(1474, 59, 11, 'DISCO LUSTRADOR'),
(1475, 59, 12, 'DISCO SPEED GRIP'),
(1476, 59, 13, 'LIJA PAPEL A275'),
(1477, 59, 14, 'LIJA AL AGUA'),
(1478, 59, 15, 'ESPUMA ABRASIVA'),
(1479, 59, 16, 'FILTRO PARA RESPIRADOR'),
(1480, 59, 17, 'ESPATULA PLASTICA'),
(1481, 59, 18, 'LIJA EN ROLLO'),
(1482, 59, 20, 'TELA ESMERIL'),
(1483, 59, 21, 'LIJA RUBI'),
(1484, 59, 22, 'LIJA NO PAST'),
(1485, 59, 23, 'DISCO PISOS'),
(1486, 59, 24, 'TELA EN BANDA'),
(1487, 60, 1, 'ATORNILLADOR P/DURLOCK'),
(1488, 60, 2, 'LIJADORA ROTORBITAL'),
(1489, 60, 3, 'LIJADORA EXCENTRICA'),
(1490, 60, 4, 'ROTOMARTILLO'),
(1491, 60, 5, 'BORDEADORA'),
(1492, 60, 6, 'HIDROLAVADORA'),
(1493, 61, 1, 'COMPRESORES'),
(1494, 62, 1, 'BOMBA SUMERGIBLE'),
(1495, 63, 1, 'ANTIPARRA MONOVISOR'),
(1496, 63, 2, 'DELANTAL DE JEAN'),
(1497, 63, 3, 'GUANTES'),
(1498, 63, 4, 'CINTA PELIGRO'),
(1499, 63, 5, 'TRAJE DE LLUVIA'),
(1500, 63, 6, 'ANTEOJOS ECOLINE'),
(1501, 63, 7, 'ANTEOJOS'),
(1502, 64, 1, 'ACIDO MURIATICO'),
(1503, 65, 1, 'DILUY. P/ CAUCHO CLORADO'),
(1504, 65, 2, 'DILUYENTE P/ CEMENTO'),
(1505, 65, 3, 'DILUYENTE POLIU-BICAPA'),
(1506, 65, 4, 'THINNER ECO 03'),
(1507, 66, 1, 'CLORO ESPECIAL'),
(1508, 67, 1, 'FERRITE'),
(1509, 67, 2, 'SODA CAUSTICA TOQUES'),
(1510, 67, 3, 'FERRITE AMARILLO'),
(1511, 67, 4, 'ENDUIDO PLASTICO'),
(1512, 68, 1, 'ENDUIDO'),
(1513, 69, 1, 'POLIUR.BTE.TRANSP.ELASTON'),
(1514, 69, 2, 'SOLVENTE ELASTON'),
(1515, 70, 1, 'HIDROLAVADORA'),
(1516, 70, 2, 'LUSTRALIJADORA'),
(1517, 70, 3, 'PLATO PARA VELLON'),
(1518, 70, 4, 'ELECTROBOMBA'),
(1519, 70, 5, 'KIT COMPRESOR'),
(1520, 70, 6, 'PISTOLA DE PINTAR'),
(1521, 70, 7, 'PISTOLA DE CALOR'),
(1522, 70, 8, 'MOTOGUADA?AS'),
(1523, 70, 9, 'COMPRESOR'),
(1524, 70, 10, 'AMOLADORA'),
(1525, 70, 11, 'TALADRO'),
(1526, 70, 12, 'LIJADORA'),
(1527, 70, 13, 'ATORNILLADOR'),
(1528, 71, 1, 'COMPRESORES'),
(1529, 71, 2, 'LUSTRALIJADORA'),
(1530, 71, 3, 'LIJADORA ORBITAL'),
(1531, 71, 4, 'EQUIPO PARA PINTAR'),
(1532, 71, 5, 'ELECTROBOMBA'),
(1533, 71, 6, 'KIT'),
(1534, 71, 7, 'HIDROLAVADORA'),
(1535, 71, 8, 'FUMIGADOR'),
(1536, 71, 9, 'CUCHILLA'),
(1537, 71, 10, 'SOPLA-ASPIRADOR'),
(1538, 71, 11, 'MOTOSIERRA'),
(1539, 71, 12, 'MAQUINAS Y HERRAMIENTAS'),
(1540, 72, 1, 'PISTOLA'),
(1541, 72, 2, 'PISTOLA GRAVEDAD'),
(1542, 72, 3, 'TOLVA'),
(1543, 72, 4, 'PISTOLA ROCIADORA'),
(1544, 73, 1, 'PASTA DE PULIR'),
(1545, 73, 2, 'ABRILLANTADOR'),
(1546, 73, 3, 'CERA LIQUIDA'),
(1547, 73, 4, 'ESPECIAL PARA PLASTICOS'),
(1548, 73, 5, 'RESALTADOR DE BRILLO'),
(1549, 73, 6, 'PA?O DE GOMA'),
(1550, 73, 7, 'PA?O DE MICROFIBRA'),
(1551, 73, 8, 'PA?O DE CORDERO'),
(1552, 73, 9, 'LIJA EN SECO'),
(1553, 73, 10, 'COBERTOR'),
(1554, 73, 11, 'FILM ANTIESTATICO'),
(1555, 73, 12, 'DISCO DE DECAPAR'),
(1556, 73, 13, 'DISCO PARA REMOCION'),
(1557, 73, 14, 'DISCO ABRASIVO'),
(1558, 73, 15, 'CINTA'),
(1559, 73, 16, 'VASO DE MEZCLA'),
(1560, 73, 17, 'TAPAS PARA VASO DE MEZCLA'),
(1561, 73, 18, 'MASCARA RESPIRATORIA'),
(1562, 73, 19, 'KIT APLICACI?N DE CERA'),
(1563, 73, 20, 'PA?O DE CORDERO'),
(1564, 73, 21, 'PA?O DE GOMA ESPUMA'),
(1565, 73, 22, 'PLATO SOPORTE'),
(1566, 73, 23, 'ADAPTADOR INTERFACE'),
(1567, 73, 24, 'PALETA MEZCLADORA'),
(1568, 73, 25, 'LIJA EN ROLLO'),
(1569, 73, 26, 'GASA BARNIZADA'),
(1570, 73, 27, 'FILTRO CARB?N'),
(1571, 73, 28, 'PRE-FILTRO'),
(1572, 73, 29, 'BURLETE'),
(1573, 74, 1, 'PINTURA AL AGUA'),
(1574, 74, 2, 'LATIZADOR'),
(1575, 74, 3, 'LATEX PROFESIONAL INTERIOR'),
(1576, 75, 1, 'ESPUMA POLIURETANICA'),
(1577, 75, 2, 'CINTA AUTOMOTOR'),
(1578, 75, 3, 'RESPIRADOR'),
(1579, 75, 4, 'CARTUCHO'),
(1580, 75, 5, 'PREFILTRO'),
(1581, 76, 1, 'LLANA'),
(1582, 76, 2, 'ESPATULA'),
(1583, 76, 3, 'PINCELETA SPALTER'),
(1584, 76, 4, 'GRASSELLO'),
(1585, 76, 5, 'STUCCO VENEZIANO'),
(1586, 76, 6, 'ATOMO'),
(1587, 76, 7, 'MARCOPOLO'),
(1588, 76, 8, 'VELATURE'),
(1589, 76, 9, 'CADORO'),
(1590, 76, 10, 'DECORI CLASSICI'),
(1591, 76, 11, 'METALIZADO'),
(1592, 76, 12, 'MEZCLADORES'),
(1593, 77, 1, 'LAMPARAS'),
(1594, 78, 1, 'FACIL FIX INTERIOR'),
(1595, 78, 2, 'FACIL FIX EXTERIOR'),
(1596, 79, 1, 'SELLADORES'),
(1597, 79, 2, 'ADHESIVO'),
(1598, 79, 3, 'HIDROFUGO'),
(1599, 79, 4, 'FIBRADO'),
(1600, 79, 5, 'ESPUMA POLIURETANICA'),
(1601, 79, 6, 'ACELERANTE DE FRAG?E'),
(1602, 79, 7, 'ACELERANTE DE ENDURECIMIENTO P'),
(1603, 79, 8, 'MALLA PARA REFUERZO DE MEMBRAN'),
(1604, 79, 9, 'LATEX'),
(1605, 80, 1, 'PLACAS'),
(1606, 80, 2, 'PERFILES'),
(1607, 80, 3, 'MASILLA'),
(1608, 80, 4, 'CINTA'),
(1609, 80, 5, 'TORNILLOS'),
(1610, 80, 6, 'TACOS'),
(1611, 80, 7, 'TARUGO'),
(1612, 80, 8, 'CABALLETE'),
(1613, 80, 9, 'ALAMBRE'),
(1614, 80, 10, 'TACO FISCHER'),
(1615, 80, 11, 'ADHESIVOS PARA PLACAS'),
(1616, 81, 1, 'LATEX INT7EXT'),
(1617, 81, 2, 'MEMBRANA ELASTOMERICA'),
(1618, 82, 1, 'MEMBRANA EN PASTA'),
(1619, 82, 2, 'POLACRIN BLACK'),
(1620, 83, 1, 'LATEX PRO'),
(1621, 83, 2, 'LATEX CLASSIC'),
(1622, 84, 1, 'KIT AGUA DE PIEDRA'),
(1623, 84, 2, 'PASTINA'),
(1624, 84, 3, 'AGUA DE PIEDRA'),
(1625, 84, 4, 'ENDURECEDOR'),
(1626, 84, 5, 'PROMOTOR ADHERENCIA'),
(1627, 84, 6, 'MICROSOLARIUM'),
(1628, 85, 1, 'SODA CAUSTICA'),
(1629, 86, 1, 'THINNER UNIVERSAL ORO'),
(1630, 87, 1, 'THINNER UNIVERSAL'),
(1631, 87, 2, 'THINNER SELLO DE ORO'),
(1632, 87, 3, 'AGUARRAS'),
(1633, 87, 4, 'DESENGRASANTE'),
(1634, 87, 5, 'DILUYENTE POLIU'),
(1635, 87, 6, 'SOLVENTE'),
(1636, 87, 7, 'THINNER ESTANDAR'),
(1637, 87, 8, 'DILUYENTE PARA CAUCHO CLORADO'),
(1638, 87, 9, 'DILUYENTE P/CAUCHO CLORADO'),
(1639, 87, 10, 'DILUYENTE EPOXI'),
(1640, 88, 1, 'MASILLA'),
(1641, 88, 2, 'FILTRO'),
(1642, 88, 3, 'PISTOLAS'),
(1643, 88, 4, 'KIT'),
(1644, 88, 5, 'VASO DE MEZCLA'),
(1645, 88, 6, 'CINTAS DE ENMASCARAR'),
(1646, 88, 7, 'ESPUMA ABRASIVA'),
(1647, 88, 8, 'KIT'),
(1648, 89, 1, 'PINT. EN AEROSOL'),
(1649, 90, 1, 'PLAQUETAS'),
(1650, 90, 2, 'MINI TACO LIJADOR'),
(1651, 90, 3, 'MAXI TACO LIJADOR'),
(1652, 90, 4, 'FRATACHO ABRASIVO'),
(1653, 91, 1, 'IMPREGNANTE'),
(1654, 91, 2, 'BARNIZ MARINO'),
(1655, 91, 3, 'SELLADORES'),
(1656, 91, 4, 'ESMALTE SINTETICO'),
(1657, 91, 5, 'POLIESTER'),
(1658, 91, 6, 'ESMALTE ACRIL'),
(1659, 91, 7, 'HIBRIDO'),
(1660, 92, 1, 'NUMEROS'),
(1661, 92, 2, 'LETRAS'),
(1662, 92, 3, 'PORTA NUMERO Y LETRA'),
(1663, 92, 4, 'PLACAS PARA SE?ALIZACION'),
(1664, 92, 5, 'BOCA DE BUZON'),
(1665, 92, 6, 'PERCHAS'),
(1666, 92, 7, 'PERCHEROS'),
(1667, 92, 8, 'FAROLES Y BANCO COLONIAL'),
(1668, 92, 9, 'MANIJA'),
(1669, 93, 1, 'PISOS FLOTANTES'),
(1670, 93, 2, 'ZOCALO P/PISOS FLOTANTES'),
(1671, 93, 3, 'MANTA BAJO PISO'),
(1672, 93, 4, 'TAPA JUNTA'),
(1673, 93, 5, 'REVESTIMIENTO PARA PARED'),
(1674, 94, 1, 'RECUPLAST TEXT. MEDIA'),
(1675, 95, 1, 'RODILLO LANA'),
(1676, 95, 2, 'BOINA CHICA 115 MM'),
(1677, 95, 3, 'BOINA GRANDE 180 MM'),
(1678, 95, 4, 'BOINA EXTRA GRANDE'),
(1679, 95, 6, 'LIJADORA ORBITAL'),
(1680, 95, 7, 'ALFOMBRA'),
(1681, 96, 1, 'MASCARA'),
(1682, 96, 2, 'FILTRO'),
(1683, 97, 1, 'MOTOSIERRA'),
(1684, 97, 2, 'AMOLADORA'),
(1685, 97, 3, 'ASPIRADORA'),
(1686, 97, 4, 'COMPRESOR'),
(1687, 97, 5, 'HIDROLAVADORA'),
(1688, 97, 6, 'LUSTRAPULIDORA'),
(1689, 97, 7, 'ROTOMARTILLO ELECTRONEUMATICO'),
(1690, 97, 8, 'COMBO TALADRO + AMOLADORA'),
(1691, 97, 9, 'TALADRO ATORNILLADOR'),
(1692, 97, 10, 'LIJADORA ORBITAL'),
(1693, 97, 11, 'EQUIPO DE PINTAR'),
(1694, 97, 12, 'ATORNILLO'),
(1695, 97, 13, 'SIERRA'),
(1696, 97, 14, 'MINI TORNO'),
(1697, 97, 15, 'PISTOLA DE PINTAR'),
(1698, 97, 16, 'DESMALEZADORA'),
(1699, 97, 17, 'MASCARA SOLDAR'),
(1700, 97, 18, 'TALADRO PERCUTOR'),
(1701, 97, 19, 'PISTOLA DE CALOR'),
(1702, 97, 20, 'ELECTRODOS'),
(1703, 97, 21, 'VIDRIO MASCARA DE SOLDAR'),
(1704, 97, 22, 'CARRETEL'),
(1705, 97, 23, 'BOLSO'),
(1706, 97, 24, 'ARRANCADOR'),
(1707, 97, 25, 'SOLDADORA'),
(1708, 97, 26, 'LIJADORA BANDA'),
(1709, 97, 27, 'ESPATULA'),
(1710, 97, 28, 'PISTOLA P/ APLICAR REVESTIMIEN'),
(1711, 97, 29, 'CANDADO RECTANGULAR'),
(1712, 97, 30, 'TIJERA AVIADOR'),
(1713, 97, 31, 'BATERIA'),
(1714, 97, 32, 'SEPILLADORA'),
(1715, 97, 33, 'JUEGO DE CUCHILLAS'),
(1716, 97, 34, 'SOPLETE DE PINTAR'),
(1717, 97, 35, 'ELECTROBOMBA'),
(1718, 97, 36, 'HOJA DE SIERRA'),
(1719, 97, 37, 'MARTILLO DEMOLEDOR'),
(1720, 97, 38, 'ZORRAS HIDRAULICAS'),
(1721, 97, 39, 'DISCOS DE CORTE'),
(1722, 98, 1, 'CODIGO LIBRE'),
(1723, 99, 1, 'VARIOS'),
(1724, 99, 999, 'VALOR DECLARADO'),
(1725, 100, 1, 'ROMANO'),
(1726, 100, 2, 'PQ FLEX'),
(1727, 100, 3, 'CUARZO'),
(1728, 100, 4, 'BASE COAT'),
(1729, 100, 5, 'EMULSION'),
(1730, 100, 6, 'MALLA'),
(1731, 100, 7, 'REVOQUE'),
(1732, 100, 8, 'VERMICULITA EXPANDIDA'),
(1733, 100, 9, 'MEZCLA'),
(1734, 100, 10, 'REVESTIMIENTO'),
(1735, 100, 11, 'QUINTEX PISO'),
(1736, 100, 12, 'QUIMTEX BASE NIVELADORA'),
(1737, 100, 13, 'NIVELADOR DE SUSTRATOS'),
(1738, 100, 14, 'LACA POLIU. AL AGUA'),
(1739, 100, 15, 'LACA P/MICROPISO'),
(1740, 100, 16, 'MASILLA QUIMMIX'),
(1741, 100, 17, 'VELO'),
(1742, 100, 18, 'CARTA DE TEXTURA'),
(1743, 100, 19, 'PIEDRA EGIPCIA'),
(1744, 100, 20, 'PROYECTABLE'),
(1745, 100, 21, 'REVIVE'),
(1746, 100, 22, 'MIXTURA'),
(1747, 101, 1, 'APLICADORES'),
(1748, 101, 2, 'MIXING CUP'),
(1749, 101, 3, 'BANDEJA'),
(1750, 102, 1, 'MEMBRANA LIQUIDA'),
(1751, 103, 1, 'AISLANTE TERMICO'),
(1752, 103, 2, 'ESPUMADO'),
(1753, 104, 1, 'BRIKOL LADRILLO'),
(1754, 104, 2, 'DURALBA LADRILLOS'),
(1755, 105, 1, 'DISCO COPA DIAMANTADO'),
(1756, 106, 1, 'ARTICULOS DIVERSOS'),
(1757, 107, 1, 'GRACO'),
(1758, 108, 1, 'ESMALTE'),
(1759, 108, 2, 'BARNIZ'),
(1760, 108, 3, 'IMPREGNANTE'),
(1761, 108, 4, 'LATEX EXPRESION PROF.'),
(1762, 108, 5, 'LATEX ANTIBACTERIAL CONCENTRAD'),
(1763, 108, 6, 'BASES LATEX'),
(1764, 108, 7, 'LATEX TECNICA'),
(1765, 108, 8, 'CONVERTIDOR'),
(1766, 108, 9, 'ANTIOXIDO COLORADO'),
(1767, 108, 10, 'FIJADOR AL AGUARRAS'),
(1768, 108, 11, 'FONDO BLANCO PARA MADERAS'),
(1769, 108, 12, 'IMPERMEABILIZANTE CON PELICULA'),
(1770, 108, 13, 'L?TEX ESTETICA PROFESIONAL'),
(1771, 108, 14, 'L?TEX PARA CIELORRASO'),
(1772, 108, 15, 'BASE LATEX EXPRESION'),
(1773, 108, 16, 'MEMBRANA EN PASTA'),
(1774, 108, 17, 'FIJADOR AL AGUA'),
(1775, 108, 18, 'ENDUIDO'),
(1776, 108, 19, 'ENTONADOR'),
(1777, 108, 20, 'PILETA ACUOSA'),
(1778, 108, 21, 'LATEX INTERIOR LAVABLE MATE IL'),
(1779, 109, 1, 'HIDROFUGO'),
(1780, 109, 2, 'SELLADOR HORMIGON'),
(1781, 109, 3, 'EMULSION 100'),
(1782, 109, 4, 'PROTEX 20 S SUPER'),
(1783, 109, 5, 'POLIURETANO'),
(1784, 109, 6, 'FIBRAKRETE'),
(1785, 109, 7, 'SUPER LIGANTE'),
(1786, 109, 8, 'CURADOR DE HORMIGON'),
(1787, 110, 1, 'ADHESIVO MUTIPROPOSITO'),
(1788, 111, 1, 'EMULSION'),
(1789, 111, 2, 'AISLATER VERMICULITA AGRICOLA'),
(1790, 112, 1, 'COLECCI?N AROMA'),
(1791, 112, 2, 'PAPEL BASE MURESCO'),
(1792, 112, 3, 'ADHESIVO MURESCO'),
(1793, 112, 4, 'CATALOGO'),
(1794, 112, 5, 'COLECCI?N ALLEGRA'),
(1795, 112, 6, 'COLECCI?N LUKSUZ'),
(1796, 112, 7, 'COLECCI?N CONCEPT'),
(1797, 112, 8, 'COLECCI?N ZEN'),
(1798, 112, 9, 'COLECCI?N PICNIC'),
(1799, 112, 10, 'COLECCI?N WALL COVERING'),
(1800, 112, 11, 'COLECCI?N CORIUM'),
(1801, 112, 12, 'COLECC?N CASA BELLA'),
(1802, 112, 13, 'COLECCI?N DISNEY'),
(1803, 112, 14, 'COLECCI?N URBAN'),
(1804, 112, 15, 'WALL STICKERS'),
(1805, 112, 16, 'PIETRA'),
(1806, 112, 17, 'COLECCION MURPAINT'),
(1807, 113, 1, 'LATEX ECO'),
(1808, 113, 2, 'LATEX PREMIUM'),
(1809, 113, 3, 'CUBRITECH'),
(1810, 113, 4, 'ACEITE DE LINO'),
(1811, 113, 5, 'PINTURA ASFALTICA'),
(1812, 113, 6, 'FIJADOR-SELLADOR'),
(1813, 113, 7, 'CORRECTOR DE PH'),
(1814, 113, 8, 'MEMBRANA POLIURETANICA'),
(1815, 114, 1, 'BOBINA DE PAPEL'),
(1816, 115, 1, 'CIELORRASOS'),
(1817, 116, 1, 'MOLDURA'),
(1818, 116, 2, 'ADHESIVO'),
(1819, 116, 3, 'MASILLA PARA PLACAS DE YESO'),
(1820, 117, 1, 'DISCO'),
(1821, 117, 2, 'LIJA'),
(1822, 117, 3, 'INTERFASE'),
(1823, 117, 4, 'MANZERNA'),
(1824, 117, 5, 'LIJA FILM'),
(1825, 118, 1, 'AGRO'),
(1826, 118, 2, 'HORMIGON'),
(1827, 118, 3, 'REVOQUE'),
(1828, 118, 4, 'VERMICULITA'),
(1829, 119, 1, 'FIJADOR-SELLADOR'),
(1830, 119, 2, 'CORRECTOR DE PH'),
(1831, 120, 1, 'HIDROLAVADORAS INDUSTRIALES'),
(1832, 121, 1, 'COLA VINILICA'),
(1833, 121, 2, 'ADHESIVO DE CONTACTO'),
(1834, 122, 1, 'KIT OXIDIUM'),
(1835, 123, 1, 'LLANA'),
(1836, 123, 2, 'RODILLO'),
(1837, 123, 3, 'ZAPATO'),
(1838, 124, 1, 'CUADROS'),
(1839, 125, 1, 'CRISTAL LIQUIDO'),
(1840, 125, 2, 'PIGMENTOS EN PASTA'),
(1841, 125, 3, 'CARGA METALICA'),
(1842, 125, 4, 'CARGA MINERAL'),
(1843, 125, 5, 'VINILO ALTO TRANSITO'),
(1844, 125, 6, 'ALCOHOL ISOPROPILICO'),
(1845, 125, 7, 'ESCURRIDOR'),
(1846, 126, 1, 'PISOS VINILICOS');

-- --------------------------------------------------------

--
-- Estructura de tabla para la tabla `servicios`
--

CREATE TABLE `servicios` (
  `id` int(11) NOT NULL,
  `cod` varchar(255) COLLATE utf8mb4_spanish_ci DEFAULT NULL,
  `titulo` text COLLATE utf8mb4_spanish_ci,
  `desarrollo` text COLLATE utf8mb4_spanish_ci,
  `categoria` text COLLATE utf8mb4_spanish_ci,
  `keywords` text COLLATE utf8mb4_spanish_ci,
  `description` text COLLATE utf8mb4_spanish_ci,
  `fecha` date DEFAULT NULL
) ENGINE=InnoDB DEFAULT CHARSET=utf8mb4 COLLATE=utf8mb4_spanish_ci;

-- --------------------------------------------------------

--
-- Estructura de tabla para la tabla `sliders`
--

CREATE TABLE `sliders` (
  `id` int(11) NOT NULL,
  `cod` varchar(255) COLLATE utf8mb4_spanish_ci DEFAULT NULL,
  `titulo` text COLLATE utf8mb4_spanish_ci,
  `subtitulo` text COLLATE utf8mb4_spanish_ci,
  `categoria` varchar(255) COLLATE utf8mb4_spanish_ci NOT NULL,
  `fecha` date DEFAULT NULL
) ENGINE=InnoDB DEFAULT CHARSET=utf8mb4 COLLATE=utf8mb4_spanish_ci;

--
-- Volcado de datos para la tabla `sliders`
--

INSERT INTO `sliders` (`id`, `cod`, `titulo`, `subtitulo`, `categoria`, `fecha`) VALUES
(8, '5d7d1aed02', 'Prueba', '', '60cc9145a0', '2018-11-29'),
(12, '9eeff70305', 'sadsad', '', '60cc9145a0', '2018-11-30');

-- --------------------------------------------------------

--
-- Estructura de tabla para la tabla `subcategorias`
--

CREATE TABLE `subcategorias` (
  `id` int(11) NOT NULL,
  `cod` varchar(255) COLLATE utf8mb4_spanish_ci NOT NULL,
  `titulo` varchar(255) COLLATE utf8mb4_spanish_ci NOT NULL,
  `categoria` varchar(255) COLLATE utf8mb4_spanish_ci NOT NULL
) ENGINE=InnoDB DEFAULT CHARSET=utf8mb4 COLLATE=utf8mb4_spanish_ci;

-- --------------------------------------------------------

--
-- Estructura de tabla para la tabla `usuarios`
--

CREATE TABLE `usuarios` (
  `id` int(11) NOT NULL,
  `cod` varchar(255) COLLATE utf8mb4_spanish_ci DEFAULT NULL,
  `nombre` text COLLATE utf8mb4_spanish_ci,
  `apellido` text COLLATE utf8mb4_spanish_ci,
  `doc` text COLLATE utf8mb4_spanish_ci,
  `email` text COLLATE utf8mb4_spanish_ci,
  `password` text COLLATE utf8mb4_spanish_ci,
  `postal` text COLLATE utf8mb4_spanish_ci,
  `localidad` text COLLATE utf8mb4_spanish_ci,
  `provincia` text COLLATE utf8mb4_spanish_ci,
  `pais` text COLLATE utf8mb4_spanish_ci,
  `telefono` text COLLATE utf8mb4_spanish_ci,
  `celular` text COLLATE utf8mb4_spanish_ci,
  `invitado` int(11) NOT NULL DEFAULT '0',
  `descuento` float DEFAULT NULL,
  `fecha` date DEFAULT NULL
) ENGINE=InnoDB DEFAULT CHARSET=utf8mb4 COLLATE=utf8mb4_spanish_ci;

-- --------------------------------------------------------

--
-- Estructura de tabla para la tabla `videos`
--

CREATE TABLE `videos` (
  `id` int(11) NOT NULL,
  `titulo` text COLLATE utf8mb4_spanish_ci,
  `link` text COLLATE utf8mb4_spanish_ci
) ENGINE=InnoDB DEFAULT CHARSET=utf8mb4 COLLATE=utf8mb4_spanish_ci;

--
-- Volcado de datos para la tabla `videos`
--

INSERT INTO `videos` (`id`, `titulo`, `link`) VALUES
(1, 'VIDEO 1', 'Sz_1tkcU0Co'),
(2, 'Video 2', 'tOjJ2BhKCnw'),
(3, 'Video 3', 'OFNr_KX5rNo'),
(4, 'Video 4', 'MCo80E5WKfo'),
(5, 'Video 5', 'A3JGNEKaa6s'),
(6, 'Video 6', 'AvstcGFeeu4');

--
-- Índices para tablas volcadas
--

--
-- Indices de la tabla `admin`
--
ALTER TABLE `admin`
  ADD PRIMARY KEY (`id`);

--
-- Indices de la tabla `banners`
--
ALTER TABLE `banners`
  ADD PRIMARY KEY (`id`);

--
-- Indices de la tabla `categorias`
--
ALTER TABLE `categorias`
  ADD PRIMARY KEY (`id`);

--
-- Indices de la tabla `contenidos`
--
ALTER TABLE `contenidos`
  ADD PRIMARY KEY (`id`);

--
-- Indices de la tabla `galerias`
--
ALTER TABLE `galerias`
  ADD PRIMARY KEY (`id`);

--
-- Indices de la tabla `imagenes`
--
ALTER TABLE `imagenes`
  ADD PRIMARY KEY (`id`);

--
-- Indices de la tabla `linea`
--
ALTER TABLE `linea`
  ADD PRIMARY KEY (`id`);

--
-- Indices de la tabla `novedades`
--
ALTER TABLE `novedades`
  ADD PRIMARY KEY (`id`);

--
-- Indices de la tabla `pedidos`
--
ALTER TABLE `pedidos`
  ADD PRIMARY KEY (`id`);

--
-- Indices de la tabla `portfolio`
--
ALTER TABLE `portfolio`
  ADD PRIMARY KEY (`id`);

--
-- Indices de la tabla `productos`
--
ALTER TABLE `productos`
  ADD PRIMARY KEY (`id`);

--
-- Indices de la tabla `rubros`
--
ALTER TABLE `rubros`
  ADD PRIMARY KEY (`id`);

--
-- Indices de la tabla `servicios`
--
ALTER TABLE `servicios`
  ADD PRIMARY KEY (`id`);

--
-- Indices de la tabla `sliders`
--
ALTER TABLE `sliders`
  ADD PRIMARY KEY (`id`);

--
-- Indices de la tabla `subcategorias`
--
ALTER TABLE `subcategorias`
  ADD PRIMARY KEY (`id`);

--
-- Indices de la tabla `usuarios`
--
ALTER TABLE `usuarios`
  ADD PRIMARY KEY (`id`);

--
-- Indices de la tabla `videos`
--
ALTER TABLE `videos`
  ADD PRIMARY KEY (`id`);

--
-- AUTO_INCREMENT de las tablas volcadas
--

--
-- AUTO_INCREMENT de la tabla `admin`
--
ALTER TABLE `admin`
  MODIFY `id` int(11) NOT NULL AUTO_INCREMENT, AUTO_INCREMENT=2;

--
-- AUTO_INCREMENT de la tabla `banners`
--
ALTER TABLE `banners`
  MODIFY `id` int(11) NOT NULL AUTO_INCREMENT, AUTO_INCREMENT=38;

--
-- AUTO_INCREMENT de la tabla `categorias`
--
ALTER TABLE `categorias`
  MODIFY `id` int(11) NOT NULL AUTO_INCREMENT, AUTO_INCREMENT=3;

--
-- AUTO_INCREMENT de la tabla `contenidos`
--
ALTER TABLE `contenidos`
  MODIFY `id` int(11) NOT NULL AUTO_INCREMENT, AUTO_INCREMENT=10;

--
-- AUTO_INCREMENT de la tabla `galerias`
--
ALTER TABLE `galerias`
  MODIFY `id` int(11) NOT NULL AUTO_INCREMENT, AUTO_INCREMENT=2;

--
-- AUTO_INCREMENT de la tabla `imagenes`
--
ALTER TABLE `imagenes`
  MODIFY `id` int(11) NOT NULL AUTO_INCREMENT, AUTO_INCREMENT=69;

--
-- AUTO_INCREMENT de la tabla `linea`
--
ALTER TABLE `linea`
  MODIFY `id` int(20) NOT NULL AUTO_INCREMENT, AUTO_INCREMENT=127;

--
-- AUTO_INCREMENT de la tabla `novedades`
--
ALTER TABLE `novedades`
  MODIFY `id` int(11) NOT NULL AUTO_INCREMENT, AUTO_INCREMENT=11;

--
-- AUTO_INCREMENT de la tabla `pedidos`
--
ALTER TABLE `pedidos`
  MODIFY `id` int(11) NOT NULL AUTO_INCREMENT, AUTO_INCREMENT=366;

--
-- AUTO_INCREMENT de la tabla `portfolio`
--
ALTER TABLE `portfolio`
  MODIFY `id` int(11) NOT NULL AUTO_INCREMENT;

--
-- AUTO_INCREMENT de la tabla `productos`
--
ALTER TABLE `productos`
  MODIFY `id` int(11) NOT NULL AUTO_INCREMENT, AUTO_INCREMENT=8;

--
-- AUTO_INCREMENT de la tabla `rubros`
--
ALTER TABLE `rubros`
  MODIFY `id` int(11) NOT NULL AUTO_INCREMENT, AUTO_INCREMENT=1847;

--
-- AUTO_INCREMENT de la tabla `servicios`
--
ALTER TABLE `servicios`
  MODIFY `id` int(11) NOT NULL AUTO_INCREMENT;

--
-- AUTO_INCREMENT de la tabla `sliders`
--
ALTER TABLE `sliders`
  MODIFY `id` int(11) NOT NULL AUTO_INCREMENT, AUTO_INCREMENT=13;

--
-- AUTO_INCREMENT de la tabla `subcategorias`
--
ALTER TABLE `subcategorias`
  MODIFY `id` int(11) NOT NULL AUTO_INCREMENT;

--
-- AUTO_INCREMENT de la tabla `usuarios`
--
ALTER TABLE `usuarios`
  MODIFY `id` int(11) NOT NULL AUTO_INCREMENT;

--
-- AUTO_INCREMENT de la tabla `videos`
--
ALTER TABLE `videos`
  MODIFY `id` int(11) NOT NULL AUTO_INCREMENT, AUTO_INCREMENT=7;
COMMIT;

/*!40101 SET CHARACTER_SET_CLIENT=@OLD_CHARACTER_SET_CLIENT */;
/*!40101 SET CHARACTER_SET_RESULTS=@OLD_CHARACTER_SET_RESULTS */;
/*!40101 SET COLLATION_CONNECTION=@OLD_COLLATION_CONNECTION */;
